typeId,typeName,date,percent
1,Ozone,2016-01-01,12.98
1,Ozone,2016-01-02,20.19
1,Ozone,2016-01-03,56.25
1,Ozone,2016-01-04,27.40
1,Ozone,2016-01-05,-35.10
1,Ozone,2016-01-06,-42.31
1,Ozone,2016-01-07,29.81
1,Ozone,2016-01-08,3.37
1,Ozone,2016-01-09,56.25
1,Ozone,2016-01-10,56.25
1,Ozone,2016-01-11,-20.67
1,Ozone,2016-01-12,32.21
1,Ozone,2016-01-13,10.58
1,Ozone,2016-01-14,0.96
1,Ozone,2016-01-15,5.77
1,Ozone,2016-01-16,-75.96
1,Ozone,2016-01-17,-59.13
1,Ozone,2016-01-18,17.79
1,Ozone,2016-01-19,-71.15
1,Ozone,2016-01-20,-90.38
1,Ozone,2016-01-21,-39.90
1,Ozone,2016-01-22,27.40
1,Ozone,2016-01-23,20.19
1,Ozone,2016-01-24,-25.48
1,Ozone,2016-01-25,27.40
1,Ozone,2016-01-26,73.08
1,Ozone,2016-01-27,56.25
1,Ozone,2016-01-28,12.98
1,Ozone,2016-01-29,77.88
1,Ozone,2016-01-30,63.46
1,Ozone,2016-01-31,75.48
1,Ozone,2016-02-01,111.54
1,Ozone,2016-02-02,68.27
1,Ozone,2016-02-03,0.00
1,Ozone,2016-02-04,0.00
1,Ozone,2016-02-05,37.02
1,Ozone,2016-02-06,53.85
1,Ozone,2016-02-07,56.25
1,Ozone,2016-02-08,80.29
1,Ozone,2016-02-09,29.81
1,Ozone,2016-02-10,-11.06
1,Ozone,2016-02-11,-59.13
1,Ozone,2016-02-12,-13.46
1,Ozone,2016-02-13,-25.48
1,Ozone,2016-02-14,12.98
1,Ozone,2016-02-15,-11.06
1,Ozone,2016-02-16,-23.08
1,Ozone,2016-02-17,15.38
1,Ozone,2016-02-18,-25.48
1,Ozone,2016-02-19,-1.44
1,Ozone,2016-02-20,68.27
1,Ozone,2016-02-21,77.88
1,Ozone,2016-02-22,17.79
1,Ozone,2016-02-23,-32.69
1,Ozone,2016-02-24,-20.67
1,Ozone,2016-02-25,-27.88
1,Ozone,2016-02-26,-30.29
1,Ozone,2016-02-27,-3.85
1,Ozone,2016-02-28,17.79
1,Ozone,2016-02-29,-6.25
1,Ozone,2016-03-01,46.63
1,Ozone,2016-03-02,53.85
1,Ozone,2016-03-03,39.42
1,Ozone,2016-03-04,8.17
1,Ozone,2016-03-05,20.19
1,Ozone,2016-03-06,12.98
1,Ozone,2016-03-07,-11.06
1,Ozone,2016-03-08,-35.10
1,Ozone,2016-03-09,51.44
1,Ozone,2016-03-10,-3.85
1,Ozone,2016-03-11,-61.54
1,Ozone,2016-03-12,-61.54
1,Ozone,2016-03-13,-3.85
1,Ozone,2016-03-14,27.40
1,Ozone,2016-03-15,3.37
1,Ozone,2016-03-16,15.38
1,Ozone,2016-03-17,5.77
1,Ozone,2016-03-18,-54.33
1,Ozone,2016-03-19,44.23
1,Ozone,2016-03-20,27.40
1,Ozone,2016-03-21,-13.46
1,Ozone,2016-03-22,-11.06
1,Ozone,2016-03-23,-13.46
1,Ozone,2016-03-24,15.38
1,Ozone,2016-03-25,41.83
1,Ozone,2016-03-26,58.65
1,Ozone,2016-03-27,58.65
1,Ozone,2016-03-28,61.06
1,Ozone,2016-03-29,53.85
1,Ozone,2016-03-30,15.38
1,Ozone,2016-03-31,-15.87
1,Ozone,2016-04-01,5.77
1,Ozone,2016-04-02,65.87
1,Ozone,2016-04-03,34.62
1,Ozone,2016-04-04,22.60
1,Ozone,2016-04-05,27.40
1,Ozone,2016-04-06,70.67
1,Ozone,2016-04-07,27.40
1,Ozone,2016-04-08,25.00
1,Ozone,2016-04-09,44.23
1,Ozone,2016-04-10,68.27
1,Ozone,2016-04-11,-32.69
1,Ozone,2016-04-12,-18.27
1,Ozone,2016-04-13,-15.87
1,Ozone,2016-04-14,44.23
1,Ozone,2016-04-15,34.62
1,Ozone,2016-04-16,34.62
1,Ozone,2016-04-17,41.83
1,Ozone,2016-04-18,29.81
1,Ozone,2016-04-19,39.42
1,Ozone,2016-04-20,32.21
1,Ozone,2016-04-21,15.38
1,Ozone,2016-04-22,20.19
1,Ozone,2016-04-23,51.44
1,Ozone,2016-04-24,68.27
1,Ozone,2016-04-25,65.87
1,Ozone,2016-04-26,65.87
1,Ozone,2016-04-27,32.21
1,Ozone,2016-04-28,25.00
1,Ozone,2016-04-29,44.23
1,Ozone,2016-04-30,37.02
1,Ozone,2016-05-01,-3.85
1,Ozone,2016-05-02,29.81
1,Ozone,2016-05-03,39.42
1,Ozone,2016-05-04,29.81
1,Ozone,2016-05-05,75.48
1,Ozone,2016-05-06,49.04
1,Ozone,2016-05-07,70.67
1,Ozone,2016-05-08,109.13
1,Ozone,2016-05-09,53.85
1,Ozone,2016-05-10,-35.10
1,Ozone,2016-05-11,-37.50
1,Ozone,2016-05-12,82.69
1,Ozone,2016-05-13,85.10
1,Ozone,2016-05-14,80.29
1,Ozone,2016-05-15,44.23
1,Ozone,2016-05-16,68.27
1,Ozone,2016-05-17,51.44
1,Ozone,2016-05-18,58.65
1,Ozone,2016-05-19,15.38
1,Ozone,2016-05-20,51.44
1,Ozone,2016-05-21,29.81
1,Ozone,2016-05-22,20.19
1,Ozone,2016-05-23,5.77
1,Ozone,2016-05-24,37.02
1,Ozone,2016-05-25,27.40
1,Ozone,2016-05-26,37.02
1,Ozone,2016-05-27,37.02
1,Ozone,2016-05-28,89.90
1,Ozone,2016-05-29,89.90
1,Ozone,2016-05-30,53.85
1,Ozone,2016-05-31,85.10
1,Ozone,2016-06-01,53.85
1,Ozone,2016-06-02,61.06
1,Ozone,2016-06-03,46.63
1,Ozone,2016-06-04,-1.44
1,Ozone,2016-06-05,85.10
1,Ozone,2016-06-06,61.06
1,Ozone,2016-06-07,49.04
1,Ozone,2016-06-08,49.04
1,Ozone,2016-06-09,32.21
1,Ozone,2016-06-10,61.06
1,Ozone,2016-06-11,53.85
1,Ozone,2016-06-12,22.60
1,Ozone,2016-06-13,12.98
1,Ozone,2016-06-14,8.17
1,Ozone,2016-06-15,-15.87
1,Ozone,2016-06-16,12.98
1,Ozone,2016-06-17,0.96
1,Ozone,2016-06-18,27.40
1,Ozone,2016-06-19,-30.29
1,Ozone,2016-06-20,-25.48
1,Ozone,2016-06-21,3.37
1,Ozone,2016-06-22,-8.65
1,Ozone,2016-06-23,-13.46
1,Ozone,2016-06-24,10.58
1,Ozone,2016-06-25,0.96
1,Ozone,2016-06-26,-15.87
1,Ozone,2016-06-27,8.17
1,Ozone,2016-06-28,-6.25
1,Ozone,2016-06-29,0.96
1,Ozone,2016-06-30,-6.25
1,Ozone,2016-07-01,25.00
1,Ozone,2016-07-02,5.77
1,Ozone,2016-07-03,-6.25
1,Ozone,2016-07-04,-32.69
1,Ozone,2016-07-05,25.00
1,Ozone,2016-07-06,20.19
1,Ozone,2016-07-07,-8.65
1,Ozone,2016-07-08,-1.44
1,Ozone,2016-07-09,-42.31
1,Ozone,2016-07-10,3.37
1,Ozone,2016-07-11,29.81
1,Ozone,2016-07-12,0.96
1,Ozone,2016-07-13,-13.46
1,Ozone,2016-07-14,5.77
1,Ozone,2016-07-15,-6.25
1,Ozone,2016-07-16,5.77
1,Ozone,2016-07-17,-20.67
1,Ozone,2016-07-18,-35.10
1,Ozone,2016-07-19,68.27
1,Ozone,2016-07-20,37.02
1,Ozone,2016-07-21,-13.46
1,Ozone,2016-07-22,-25.48
1,Ozone,2016-07-23,-6.25
1,Ozone,2016-07-24,-6.25
1,Ozone,2016-07-25,-18.27
1,Ozone,2016-07-26,-15.87
1,Ozone,2016-07-27,-13.46
1,Ozone,2016-07-28,-27.88
1,Ozone,2016-07-29,-13.46
1,Ozone,2016-07-30,-6.25
1,Ozone,2016-07-31,3.37
1,Ozone,2016-08-01,0.00
1,Ozone,2016-08-02,0.00
1,Ozone,2016-08-03,8.17
1,Ozone,2016-08-04,25.00
1,Ozone,2016-08-05,-13.46
1,Ozone,2016-08-06,-32.69
1,Ozone,2016-08-07,27.40
1,Ozone,2016-08-08,17.79
1,Ozone,2016-08-09,22.60
1,Ozone,2016-08-10,-1.44
1,Ozone,2016-08-11,0.96
1,Ozone,2016-08-12,10.58
1,Ozone,2016-08-13,0.96
1,Ozone,2016-08-14,-25.48
1,Ozone,2016-08-15,32.21
1,Ozone,2016-08-16,61.06
1,Ozone,2016-08-17,73.08
1,Ozone,2016-08-18,89.90
1,Ozone,2016-08-19,37.02
1,Ozone,2016-08-20,58.65
1,Ozone,2016-08-21,32.21
1,Ozone,2016-08-22,-8.65
1,Ozone,2016-08-23,34.62
1,Ozone,2016-08-24,3.37
1,Ozone,2016-08-25,-37.50
1,Ozone,2016-08-26,-18.27
1,Ozone,2016-08-27,-35.10
1,Ozone,2016-08-28,10.58
1,Ozone,2016-08-29,29.81
1,Ozone,2016-08-30,-6.25
1,Ozone,2016-08-31,-1.44
1,Ozone,2016-09-01,-8.65
1,Ozone,2016-09-02,-8.65
1,Ozone,2016-09-03,-27.88
1,Ozone,2016-09-04,22.60
1,Ozone,2016-09-05,-30.29
1,Ozone,2016-09-06,-56.73
1,Ozone,2016-09-07,0.00
1,Ozone,2016-09-08,0.00
1,Ozone,2016-09-09,3.37
1,Ozone,2016-09-10,-13.46
1,Ozone,2016-09-11,-1.44
1,Ozone,2016-09-12,-11.06
1,Ozone,2016-09-13,-44.71
1,Ozone,2016-09-14,17.79
1,Ozone,2016-09-15,-37.50
1,Ozone,2016-09-16,-6.25
1,Ozone,2016-09-17,-32.69
1,Ozone,2016-09-18,-15.87
1,Ozone,2016-09-19,-27.88
1,Ozone,2016-09-20,-44.71
1,Ozone,2016-09-21,-18.27
1,Ozone,2016-09-22,5.77
1,Ozone,2016-09-23,3.37
1,Ozone,2016-09-24,41.83
1,Ozone,2016-09-25,46.63
1,Ozone,2016-09-26,3.37
1,Ozone,2016-09-27,0.96
1,Ozone,2016-09-28,-8.65
1,Ozone,2016-09-29,10.58
1,Ozone,2016-09-30,-3.85
1,Ozone,2016-10-01,5.77
1,Ozone,2016-10-02,-25.48
1,Ozone,2016-10-03,-25.48
1,Ozone,2016-10-04,-18.27
1,Ozone,2016-10-05,-6.25
1,Ozone,2016-10-06,-11.06
1,Ozone,2016-10-07,-47.12
1,Ozone,2016-10-08,-15.87
1,Ozone,2016-10-09,0.96
1,Ozone,2016-10-10,-39.90
1,Ozone,2016-10-11,-42.31
1,Ozone,2016-10-12,-25.48
1,Ozone,2016-10-13,-54.33
1,Ozone,2016-10-14,-78.37
1,Ozone,2016-10-15,-15.87
1,Ozone,2016-10-16,49.04
1,Ozone,2016-10-17,34.62
1,Ozone,2016-10-18,15.38
1,Ozone,2016-10-19,-35.10
1,Ozone,2016-10-20,-56.73
1,Ozone,2016-10-21,-80.77
1,Ozone,2016-10-22,-63.94
1,Ozone,2016-10-23,-6.25
1,Ozone,2016-10-24,-61.54
1,Ozone,2016-10-25,-80.77
1,Ozone,2016-10-26,-59.13
1,Ozone,2016-10-27,-6.25
1,Ozone,2016-10-28,8.17
1,Ozone,2016-10-29,-47.12
1,Ozone,2016-10-30,-39.90
1,Ozone,2016-10-31,0.00
1,Ozone,2016-11-01,0.00
1,Ozone,2016-11-02,0.00
1,Ozone,2016-11-03,-75.96
1,Ozone,2016-11-04,-61.54
1,Ozone,2016-11-05,-44.71
1,Ozone,2016-11-06,-25.48
1,Ozone,2016-11-07,-32.69
1,Ozone,2016-11-08,-42.31
1,Ozone,2016-11-09,-1.44
1,Ozone,2016-11-10,-20.67
1,Ozone,2016-11-11,-39.90
1,Ozone,2016-11-12,-13.46
1,Ozone,2016-11-13,-39.90
1,Ozone,2016-11-14,8.17
1,Ozone,2016-11-15,-3.85
1,Ozone,2016-11-16,3.37
1,Ozone,2016-11-17,17.79
1,Ozone,2016-11-18,-49.52
1,Ozone,2016-11-19,-49.52
1,Ozone,2016-11-20,-6.25
1,Ozone,2016-11-21,-37.50
1,Ozone,2016-11-22,-56.73
1,Ozone,2016-11-23,-37.50
1,Ozone,2016-11-24,22.60
1,Ozone,2016-11-25,12.98
1,Ozone,2016-11-26,-13.46
1,Ozone,2016-11-27,-18.27
1,Ozone,2016-11-28,-18.27
1,Ozone,2016-11-29,-63.94
1,Ozone,2016-11-30,-92.79
1,Ozone,2016-12-01,-95.19
1,Ozone,2016-12-02,-97.60
1,Ozone,2016-12-03,-39.90
1,Ozone,2016-12-04,-30.29
1,Ozone,2016-12-05,-85.58
1,Ozone,2016-12-06,-85.58
1,Ozone,2016-12-07,-49.52
1,Ozone,2016-12-08,-30.29
1,Ozone,2016-12-09,-44.71
1,Ozone,2016-12-10,-32.69
1,Ozone,2016-12-11,-61.54
1,Ozone,2016-12-12,-59.13
1,Ozone,2016-12-13,-42.31
1,Ozone,2016-12-14,-35.10
1,Ozone,2016-12-15,-32.69
1,Ozone,2016-12-16,-56.73
1,Ozone,2016-12-17,-95.19
1,Ozone,2016-12-18,-87.98
1,Ozone,2016-12-19,-95.19
1,Ozone,2016-12-20,-73.56
1,Ozone,2016-12-21,-23.08
1,Ozone,2016-12-22,-68.75
1,Ozone,2016-12-23,27.40
1,Ozone,2016-12-24,68.27
1,Ozone,2016-12-25,73.08
1,Ozone,2016-12-26,12.98
1,Ozone,2016-12-27,-87.98
1,Ozone,2016-12-28,-80.77
1,Ozone,2016-12-29,-95.19
1,Ozone,2016-12-30,-95.19
1,Ozone,2016-12-31,-49.52
2,Nitric Oxide,2016-01-01,3.90
2,Nitric Oxide,2016-01-02,-61.04
2,Nitric Oxide,2016-01-03,-74.03
2,Nitric Oxide,2016-01-04,-48.05
2,Nitric Oxide,2016-01-05,55.84
2,Nitric Oxide,2016-01-06,94.81
2,Nitric Oxide,2016-01-07,-22.08
2,Nitric Oxide,2016-01-08,-35.06
2,Nitric Oxide,2016-01-09,-74.03
2,Nitric Oxide,2016-01-10,-74.03
2,Nitric Oxide,2016-01-11,211.69
2,Nitric Oxide,2016-01-12,-61.04
2,Nitric Oxide,2016-01-13,-9.09
2,Nitric Oxide,2016-01-14,-22.08
2,Nitric Oxide,2016-01-15,-35.06
2,Nitric Oxide,2016-01-16,510.39
2,Nitric Oxide,2016-01-17,341.56
2,Nitric Oxide,2016-01-18,-48.05
2,Nitric Oxide,2016-01-19,432.47
2,Nitric Oxide,2016-01-20,627.27
2,Nitric Oxide,2016-01-21,68.83
2,Nitric Oxide,2016-01-22,-48.05
2,Nitric Oxide,2016-01-23,-48.05
2,Nitric Oxide,2016-01-24,-61.04
2,Nitric Oxide,2016-01-25,-48.05
2,Nitric Oxide,2016-01-26,-74.03
2,Nitric Oxide,2016-01-27,-61.04
2,Nitric Oxide,2016-01-28,68.83
2,Nitric Oxide,2016-01-29,-48.05
2,Nitric Oxide,2016-01-30,-61.04
2,Nitric Oxide,2016-01-31,-87.01
2,Nitric Oxide,2016-02-01,-74.03
2,Nitric Oxide,2016-02-02,-61.04
2,Nitric Oxide,2016-02-03,0.00
2,Nitric Oxide,2016-02-04,0.00
2,Nitric Oxide,2016-02-05,-74.03
2,Nitric Oxide,2016-02-06,-87.01
2,Nitric Oxide,2016-02-07,-74.03
2,Nitric Oxide,2016-02-08,-74.03
2,Nitric Oxide,2016-02-09,16.88
2,Nitric Oxide,2016-02-10,29.87
2,Nitric Oxide,2016-02-11,276.62
2,Nitric Oxide,2016-02-12,-22.08
2,Nitric Oxide,2016-02-13,-48.05
2,Nitric Oxide,2016-02-14,-74.03
2,Nitric Oxide,2016-02-15,42.86
2,Nitric Oxide,2016-02-16,224.68
2,Nitric Oxide,2016-02-17,-61.04
2,Nitric Oxide,2016-02-18,159.74
2,Nitric Oxide,2016-02-19,29.87
2,Nitric Oxide,2016-02-20,-87.01
2,Nitric Oxide,2016-02-21,-87.01
2,Nitric Oxide,2016-02-22,-48.05
2,Nitric Oxide,2016-02-23,42.86
2,Nitric Oxide,2016-02-24,16.88
2,Nitric Oxide,2016-02-25,107.79
2,Nitric Oxide,2016-02-26,81.82
2,Nitric Oxide,2016-02-27,-61.04
2,Nitric Oxide,2016-02-28,-74.03
2,Nitric Oxide,2016-02-29,3.90
2,Nitric Oxide,2016-03-01,-74.03
2,Nitric Oxide,2016-03-02,-74.03
2,Nitric Oxide,2016-03-03,-74.03
2,Nitric Oxide,2016-03-04,-35.06
2,Nitric Oxide,2016-03-05,-74.03
2,Nitric Oxide,2016-03-06,-74.03
2,Nitric Oxide,2016-03-07,3.90
2,Nitric Oxide,2016-03-08,107.79
2,Nitric Oxide,2016-03-09,-61.04
2,Nitric Oxide,2016-03-10,42.86
2,Nitric Oxide,2016-03-11,484.42
2,Nitric Oxide,2016-03-12,198.70
2,Nitric Oxide,2016-03-13,-61.04
2,Nitric Oxide,2016-03-14,-61.04
2,Nitric Oxide,2016-03-15,-35.06
2,Nitric Oxide,2016-03-16,-61.04
2,Nitric Oxide,2016-03-17,-48.05
2,Nitric Oxide,2016-03-18,120.78
2,Nitric Oxide,2016-03-19,-74.03
2,Nitric Oxide,2016-03-20,-61.04
2,Nitric Oxide,2016-03-21,16.88
2,Nitric Oxide,2016-03-22,-22.08
2,Nitric Oxide,2016-03-23,16.88
2,Nitric Oxide,2016-03-24,-35.06
2,Nitric Oxide,2016-03-25,-74.03
2,Nitric Oxide,2016-03-26,-87.01
2,Nitric Oxide,2016-03-27,-87.01
2,Nitric Oxide,2016-03-28,-87.01
2,Nitric Oxide,2016-03-29,-74.03
2,Nitric Oxide,2016-03-30,-48.05
2,Nitric Oxide,2016-03-31,3.90
2,Nitric Oxide,2016-04-01,-22.08
2,Nitric Oxide,2016-04-02,-87.01
2,Nitric Oxide,2016-04-03,-87.01
2,Nitric Oxide,2016-04-04,-61.04
2,Nitric Oxide,2016-04-05,-35.06
2,Nitric Oxide,2016-04-06,-74.03
2,Nitric Oxide,2016-04-07,-74.03
2,Nitric Oxide,2016-04-08,-61.04
2,Nitric Oxide,2016-04-09,-48.05
2,Nitric Oxide,2016-04-10,-87.01
2,Nitric Oxide,2016-04-11,42.86
2,Nitric Oxide,2016-04-12,42.86
2,Nitric Oxide,2016-04-13,107.79
2,Nitric Oxide,2016-04-14,-61.04
2,Nitric Oxide,2016-04-15,-61.04
2,Nitric Oxide,2016-04-16,-74.03
2,Nitric Oxide,2016-04-17,-74.03
2,Nitric Oxide,2016-04-18,29.87
2,Nitric Oxide,2016-04-19,-61.04
2,Nitric Oxide,2016-04-20,-48.05
2,Nitric Oxide,2016-04-21,-48.05
2,Nitric Oxide,2016-04-22,-61.04
2,Nitric Oxide,2016-04-23,-74.03
2,Nitric Oxide,2016-04-24,-87.01
2,Nitric Oxide,2016-04-25,-74.03
2,Nitric Oxide,2016-04-26,-61.04
2,Nitric Oxide,2016-04-27,-48.05
2,Nitric Oxide,2016-04-28,-9.09
2,Nitric Oxide,2016-04-29,-61.04
2,Nitric Oxide,2016-04-30,-87.01
2,Nitric Oxide,2016-05-01,-22.08
2,Nitric Oxide,2016-05-02,-74.03
2,Nitric Oxide,2016-05-03,-61.04
2,Nitric Oxide,2016-05-04,68.83
2,Nitric Oxide,2016-05-05,-35.06
2,Nitric Oxide,2016-05-06,-48.05
2,Nitric Oxide,2016-05-07,-74.03
2,Nitric Oxide,2016-05-08,-87.01
2,Nitric Oxide,2016-05-09,-74.03
2,Nitric Oxide,2016-05-10,-22.08
2,Nitric Oxide,2016-05-11,-35.06
2,Nitric Oxide,2016-05-12,-74.03
2,Nitric Oxide,2016-05-13,-74.03
2,Nitric Oxide,2016-05-14,-87.01
2,Nitric Oxide,2016-05-15,-74.03
2,Nitric Oxide,2016-05-16,-61.04
2,Nitric Oxide,2016-05-17,-61.04
2,Nitric Oxide,2016-05-18,-74.03
2,Nitric Oxide,2016-05-19,-61.04
2,Nitric Oxide,2016-05-20,-74.03
2,Nitric Oxide,2016-05-21,-74.03
2,Nitric Oxide,2016-05-22,-61.04
2,Nitric Oxide,2016-05-23,-48.05
2,Nitric Oxide,2016-05-24,-74.03
2,Nitric Oxide,2016-05-25,-61.04
2,Nitric Oxide,2016-05-26,-61.04
2,Nitric Oxide,2016-05-27,-48.05
2,Nitric Oxide,2016-05-28,-74.03
2,Nitric Oxide,2016-05-29,-87.01
2,Nitric Oxide,2016-05-30,-74.03
2,Nitric Oxide,2016-05-31,-87.01
2,Nitric Oxide,2016-06-01,-87.01
2,Nitric Oxide,2016-06-02,-74.03
2,Nitric Oxide,2016-06-03,-61.04
2,Nitric Oxide,2016-06-04,-48.05
2,Nitric Oxide,2016-06-05,-87.01
2,Nitric Oxide,2016-06-06,-61.04
2,Nitric Oxide,2016-06-07,-74.03
2,Nitric Oxide,2016-06-08,-61.04
2,Nitric Oxide,2016-06-09,-61.04
2,Nitric Oxide,2016-06-10,-74.03
2,Nitric Oxide,2016-06-11,-74.03
2,Nitric Oxide,2016-06-12,-87.01
2,Nitric Oxide,2016-06-13,-61.04
2,Nitric Oxide,2016-06-14,-61.04
2,Nitric Oxide,2016-06-15,-35.06
2,Nitric Oxide,2016-06-16,-61.04
2,Nitric Oxide,2016-06-17,-48.05
2,Nitric Oxide,2016-06-18,-74.03
2,Nitric Oxide,2016-06-19,-48.05
2,Nitric Oxide,2016-06-20,-48.05
2,Nitric Oxide,2016-06-21,-61.04
2,Nitric Oxide,2016-06-22,-48.05
2,Nitric Oxide,2016-06-23,-48.05
2,Nitric Oxide,2016-06-24,-61.04
2,Nitric Oxide,2016-06-25,-61.04
2,Nitric Oxide,2016-06-26,-74.03
2,Nitric Oxide,2016-06-27,-61.04
2,Nitric Oxide,2016-06-28,-48.05
2,Nitric Oxide,2016-06-29,-61.04
2,Nitric Oxide,2016-06-30,-22.08
2,Nitric Oxide,2016-07-01,-74.03
2,Nitric Oxide,2016-07-02,-61.04
2,Nitric Oxide,2016-07-03,-61.04
2,Nitric Oxide,2016-07-04,-48.05
2,Nitric Oxide,2016-07-05,-74.03
2,Nitric Oxide,2016-07-06,-61.04
2,Nitric Oxide,2016-07-07,-61.04
2,Nitric Oxide,2016-07-08,-74.03
2,Nitric Oxide,2016-07-09,-48.05
2,Nitric Oxide,2016-07-10,-87.01
2,Nitric Oxide,2016-07-11,-74.03
2,Nitric Oxide,2016-07-12,-61.04
2,Nitric Oxide,2016-07-13,-61.04
2,Nitric Oxide,2016-07-14,-61.04
2,Nitric Oxide,2016-07-15,-61.04
2,Nitric Oxide,2016-07-16,-74.03
2,Nitric Oxide,2016-07-17,-74.03
2,Nitric Oxide,2016-07-18,16.88
2,Nitric Oxide,2016-07-19,-74.03
2,Nitric Oxide,2016-07-20,-74.03
2,Nitric Oxide,2016-07-21,-61.04
2,Nitric Oxide,2016-07-22,-9.09
2,Nitric Oxide,2016-07-23,-74.03
2,Nitric Oxide,2016-07-24,-87.01
2,Nitric Oxide,2016-07-25,-61.04
2,Nitric Oxide,2016-07-26,-61.04
2,Nitric Oxide,2016-07-27,-48.05
2,Nitric Oxide,2016-07-28,-35.06
2,Nitric Oxide,2016-07-29,-61.04
2,Nitric Oxide,2016-07-30,-61.04
2,Nitric Oxide,2016-07-31,-74.03
2,Nitric Oxide,2016-08-01,0.00
2,Nitric Oxide,2016-08-02,0.00
2,Nitric Oxide,2016-08-03,-87.01
2,Nitric Oxide,2016-08-04,-74.03
2,Nitric Oxide,2016-08-05,-48.05
2,Nitric Oxide,2016-08-06,-22.08
2,Nitric Oxide,2016-08-07,-61.04
2,Nitric Oxide,2016-08-08,-61.04
2,Nitric Oxide,2016-08-09,-61.04
2,Nitric Oxide,2016-08-10,-61.04
2,Nitric Oxide,2016-08-11,-61.04
2,Nitric Oxide,2016-08-12,-61.04
2,Nitric Oxide,2016-08-13,-61.04
2,Nitric Oxide,2016-08-14,-48.05
2,Nitric Oxide,2016-08-15,-48.05
2,Nitric Oxide,2016-08-16,-61.04
2,Nitric Oxide,2016-08-17,-74.03
2,Nitric Oxide,2016-08-18,-74.03
2,Nitric Oxide,2016-08-19,-74.03
2,Nitric Oxide,2016-08-20,-87.01
2,Nitric Oxide,2016-08-21,-87.01
2,Nitric Oxide,2016-08-22,-74.03
2,Nitric Oxide,2016-08-23,-61.04
2,Nitric Oxide,2016-08-24,-48.05
2,Nitric Oxide,2016-08-25,55.84
2,Nitric Oxide,2016-08-26,-22.08
2,Nitric Oxide,2016-08-27,-35.06
2,Nitric Oxide,2016-08-28,-74.03
2,Nitric Oxide,2016-08-29,-74.03
2,Nitric Oxide,2016-08-30,-35.06
2,Nitric Oxide,2016-08-31,-61.04
2,Nitric Oxide,2016-09-01,-22.08
2,Nitric Oxide,2016-09-02,-61.04
2,Nitric Oxide,2016-09-03,-22.08
2,Nitric Oxide,2016-09-04,-74.03
2,Nitric Oxide,2016-09-05,3.90
2,Nitric Oxide,2016-09-06,-9.09
2,Nitric Oxide,2016-09-07,0.00
2,Nitric Oxide,2016-09-08,0.00
2,Nitric Oxide,2016-09-09,-48.05
2,Nitric Oxide,2016-09-10,-48.05
2,Nitric Oxide,2016-09-11,3.90
2,Nitric Oxide,2016-09-12,-61.04
2,Nitric Oxide,2016-09-13,29.87
2,Nitric Oxide,2016-09-14,-61.04
2,Nitric Oxide,2016-09-15,55.84
2,Nitric Oxide,2016-09-16,-61.04
2,Nitric Oxide,2016-09-17,-35.06
2,Nitric Oxide,2016-09-18,-48.05
2,Nitric Oxide,2016-09-19,-48.05
2,Nitric Oxide,2016-09-20,3.90
2,Nitric Oxide,2016-09-21,29.87
2,Nitric Oxide,2016-09-22,-35.06
2,Nitric Oxide,2016-09-23,55.84
2,Nitric Oxide,2016-09-24,-74.03
2,Nitric Oxide,2016-09-25,-87.01
2,Nitric Oxide,2016-09-26,-48.05
2,Nitric Oxide,2016-09-27,-48.05
2,Nitric Oxide,2016-09-28,-61.04
2,Nitric Oxide,2016-09-29,-61.04
2,Nitric Oxide,2016-09-30,-35.06
2,Nitric Oxide,2016-10-01,-74.03
2,Nitric Oxide,2016-10-02,42.86
2,Nitric Oxide,2016-10-03,29.87
2,Nitric Oxide,2016-10-04,-35.06
2,Nitric Oxide,2016-10-05,-61.04
2,Nitric Oxide,2016-10-06,-35.06
2,Nitric Oxide,2016-10-07,-22.08
2,Nitric Oxide,2016-10-08,-48.05
2,Nitric Oxide,2016-10-09,-61.04
2,Nitric Oxide,2016-10-10,68.83
2,Nitric Oxide,2016-10-11,-9.09
2,Nitric Oxide,2016-10-12,-48.05
2,Nitric Oxide,2016-10-13,-9.09
2,Nitric Oxide,2016-10-14,55.84
2,Nitric Oxide,2016-10-15,-48.05
2,Nitric Oxide,2016-10-16,-87.01
2,Nitric Oxide,2016-10-17,-74.03
2,Nitric Oxide,2016-10-18,-61.04
2,Nitric Oxide,2016-10-19,-9.09
2,Nitric Oxide,2016-10-20,120.78
2,Nitric Oxide,2016-10-21,380.52
2,Nitric Oxide,2016-10-22,172.73
2,Nitric Oxide,2016-10-23,-74.03
2,Nitric Oxide,2016-10-24,3.90
2,Nitric Oxide,2016-10-25,237.66
2,Nitric Oxide,2016-10-26,16.88
2,Nitric Oxide,2016-10-27,42.86
2,Nitric Oxide,2016-10-28,-61.04
2,Nitric Oxide,2016-10-29,-35.06
2,Nitric Oxide,2016-10-30,-48.05
2,Nitric Oxide,2016-10-31,497.40
2,Nitric Oxide,2016-11-01,107.79
2,Nitric Oxide,2016-11-02,328.57
2,Nitric Oxide,2016-11-03,380.52
2,Nitric Oxide,2016-11-04,133.77
2,Nitric Oxide,2016-11-05,42.86
2,Nitric Oxide,2016-11-06,-35.06
2,Nitric Oxide,2016-11-07,3.90
2,Nitric Oxide,2016-11-08,133.77
2,Nitric Oxide,2016-11-09,-48.05
2,Nitric Oxide,2016-11-10,-35.06
2,Nitric Oxide,2016-11-11,198.70
2,Nitric Oxide,2016-11-12,-35.06
2,Nitric Oxide,2016-11-13,-9.09
2,Nitric Oxide,2016-11-14,-48.05
2,Nitric Oxide,2016-11-15,-48.05
2,Nitric Oxide,2016-11-16,-48.05
2,Nitric Oxide,2016-11-17,-9.09
2,Nitric Oxide,2016-11-18,302.60
2,Nitric Oxide,2016-11-19,263.64
2,Nitric Oxide,2016-11-20,-74.03
2,Nitric Oxide,2016-11-21,-9.09
2,Nitric Oxide,2016-11-22,0.00
2,Nitric Oxide,2016-11-23,0.00
2,Nitric Oxide,2016-11-24,0.00
2,Nitric Oxide,2016-11-25,-48.05
2,Nitric Oxide,2016-11-26,-61.04
2,Nitric Oxide,2016-11-27,-74.03
2,Nitric Oxide,2016-11-28,3.90
2,Nitric Oxide,2016-11-29,94.81
2,Nitric Oxide,2016-11-30,1276.62
2,Nitric Oxide,2016-12-01,731.17
2,Nitric Oxide,2016-12-02,1120.78
2,Nitric Oxide,2016-12-03,-35.06
2,Nitric Oxide,2016-12-04,-48.05
2,Nitric Oxide,2016-12-05,107.79
2,Nitric Oxide,2016-12-06,575.32
2,Nitric Oxide,2016-12-07,3.90
2,Nitric Oxide,2016-12-08,-9.09
2,Nitric Oxide,2016-12-09,81.82
2,Nitric Oxide,2016-12-10,-35.06
2,Nitric Oxide,2016-12-11,133.77
2,Nitric Oxide,2016-12-12,94.81
2,Nitric Oxide,2016-12-13,55.84
2,Nitric Oxide,2016-12-14,-9.09
2,Nitric Oxide,2016-12-15,-48.05
2,Nitric Oxide,2016-12-16,185.71
2,Nitric Oxide,2016-12-17,627.27
2,Nitric Oxide,2016-12-18,133.77
2,Nitric Oxide,2016-12-19,341.56
2,Nitric Oxide,2016-12-20,16.88
2,Nitric Oxide,2016-12-21,120.78
2,Nitric Oxide,2016-12-22,523.38
2,Nitric Oxide,2016-12-23,-74.03
2,Nitric Oxide,2016-12-24,-87.01
2,Nitric Oxide,2016-12-25,-87.01
2,Nitric Oxide,2016-12-26,-9.09
2,Nitric Oxide,2016-12-27,159.74
2,Nitric Oxide,2016-12-28,107.79
2,Nitric Oxide,2016-12-29,783.12
2,Nitric Oxide,2016-12-30,367.53
2,Nitric Oxide,2016-12-31,-9.09
3,Nitrogen Dioxide,2016-01-01,-3.08
3,Nitrogen Dioxide,2016-01-02,-16.30
3,Nitrogen Dioxide,2016-01-03,-20.70
3,Nitrogen Dioxide,2016-01-04,23.35
3,Nitrogen Dioxide,2016-01-05,93.83
3,Nitrogen Dioxide,2016-01-06,40.97
3,Nitrogen Dioxide,2016-01-07,18.94
3,Nitrogen Dioxide,2016-01-08,54.19
3,Nitrogen Dioxide,2016-01-09,-11.89
3,Nitrogen Dioxide,2016-01-10,-7.49
3,Nitrogen Dioxide,2016-01-11,85.02
3,Nitrogen Dioxide,2016-01-12,-16.30
3,Nitrogen Dioxide,2016-01-13,36.56
3,Nitrogen Dioxide,2016-01-14,54.19
3,Nitrogen Dioxide,2016-01-15,27.75
3,Nitrogen Dioxide,2016-01-16,129.07
3,Nitrogen Dioxide,2016-01-17,71.81
3,Nitrogen Dioxide,2016-01-18,5.73
3,Nitrogen Dioxide,2016-01-19,137.89
3,Nitrogen Dioxide,2016-01-20,155.51
3,Nitrogen Dioxide,2016-01-21,58.59
3,Nitrogen Dioxide,2016-01-22,-16.30
3,Nitrogen Dioxide,2016-01-23,14.54
3,Nitrogen Dioxide,2016-01-24,-7.49
3,Nitrogen Dioxide,2016-01-25,-11.89
3,Nitrogen Dioxide,2016-01-26,-33.92
3,Nitrogen Dioxide,2016-01-27,-16.30
3,Nitrogen Dioxide,2016-01-28,40.97
3,Nitrogen Dioxide,2016-01-29,-20.70
3,Nitrogen Dioxide,2016-01-30,-3.08
3,Nitrogen Dioxide,2016-01-31,-51.54
3,Nitrogen Dioxide,2016-02-01,-64.76
3,Nitrogen Dioxide,2016-02-02,-20.70
3,Nitrogen Dioxide,2016-02-03,0.00
3,Nitrogen Dioxide,2016-02-04,0.00
3,Nitrogen Dioxide,2016-02-05,5.73
3,Nitrogen Dioxide,2016-02-06,-16.30
3,Nitrogen Dioxide,2016-02-07,-29.52
3,Nitrogen Dioxide,2016-02-08,-60.35
3,Nitrogen Dioxide,2016-02-09,32.16
3,Nitrogen Dioxide,2016-02-10,67.40
3,Nitrogen Dioxide,2016-02-11,115.86
3,Nitrogen Dioxide,2016-02-12,49.78
3,Nitrogen Dioxide,2016-02-13,36.56
3,Nitrogen Dioxide,2016-02-14,1.32
3,Nitrogen Dioxide,2016-02-15,76.21
3,Nitrogen Dioxide,2016-02-16,71.81
3,Nitrogen Dioxide,2016-02-17,32.16
3,Nitrogen Dioxide,2016-02-18,93.83
3,Nitrogen Dioxide,2016-02-19,63.00
3,Nitrogen Dioxide,2016-02-20,-55.95
3,Nitrogen Dioxide,2016-02-21,-73.57
3,Nitrogen Dioxide,2016-02-22,10.13
3,Nitrogen Dioxide,2016-02-23,76.21
3,Nitrogen Dioxide,2016-02-24,76.21
3,Nitrogen Dioxide,2016-02-25,102.64
3,Nitrogen Dioxide,2016-02-26,89.43
3,Nitrogen Dioxide,2016-02-27,23.35
3,Nitrogen Dioxide,2016-02-28,10.13
3,Nitrogen Dioxide,2016-02-29,67.40
3,Nitrogen Dioxide,2016-03-01,-25.11
3,Nitrogen Dioxide,2016-03-02,-42.73
3,Nitrogen Dioxide,2016-03-03,-16.30
3,Nitrogen Dioxide,2016-03-04,32.16
3,Nitrogen Dioxide,2016-03-05,-7.49
3,Nitrogen Dioxide,2016-03-06,1.32
3,Nitrogen Dioxide,2016-03-07,54.19
3,Nitrogen Dioxide,2016-03-08,76.21
3,Nitrogen Dioxide,2016-03-09,-33.92
3,Nitrogen Dioxide,2016-03-10,49.78
3,Nitrogen Dioxide,2016-03-11,137.89
3,Nitrogen Dioxide,2016-03-12,120.26
3,Nitrogen Dioxide,2016-03-13,45.37
3,Nitrogen Dioxide,2016-03-14,10.13
3,Nitrogen Dioxide,2016-03-15,32.16
3,Nitrogen Dioxide,2016-03-16,-11.89
3,Nitrogen Dioxide,2016-03-17,27.75
3,Nitrogen Dioxide,2016-03-18,76.21
3,Nitrogen Dioxide,2016-03-19,-3.08
3,Nitrogen Dioxide,2016-03-20,23.35
3,Nitrogen Dioxide,2016-03-21,63.00
3,Nitrogen Dioxide,2016-03-22,67.40
3,Nitrogen Dioxide,2016-03-23,71.81
3,Nitrogen Dioxide,2016-03-24,36.56
3,Nitrogen Dioxide,2016-03-25,-7.49
3,Nitrogen Dioxide,2016-03-26,-38.33
3,Nitrogen Dioxide,2016-03-27,-42.73
3,Nitrogen Dioxide,2016-03-28,-47.14
3,Nitrogen Dioxide,2016-03-29,1.32
3,Nitrogen Dioxide,2016-03-30,32.16
3,Nitrogen Dioxide,2016-03-31,36.56
3,Nitrogen Dioxide,2016-04-01,18.94
3,Nitrogen Dioxide,2016-04-02,-29.52
3,Nitrogen Dioxide,2016-04-03,-16.30
3,Nitrogen Dioxide,2016-04-04,10.13
3,Nitrogen Dioxide,2016-04-05,10.13
3,Nitrogen Dioxide,2016-04-06,-33.92
3,Nitrogen Dioxide,2016-04-07,-29.52
3,Nitrogen Dioxide,2016-04-08,5.73
3,Nitrogen Dioxide,2016-04-09,1.32
3,Nitrogen Dioxide,2016-04-10,-25.11
3,Nitrogen Dioxide,2016-04-11,71.81
3,Nitrogen Dioxide,2016-04-12,76.21
3,Nitrogen Dioxide,2016-04-13,102.64
3,Nitrogen Dioxide,2016-04-14,-7.49
3,Nitrogen Dioxide,2016-04-15,-11.89
3,Nitrogen Dioxide,2016-04-16,-29.52
3,Nitrogen Dioxide,2016-04-17,-20.70
3,Nitrogen Dioxide,2016-04-18,23.35
3,Nitrogen Dioxide,2016-04-19,1.32
3,Nitrogen Dioxide,2016-04-20,-3.08
3,Nitrogen Dioxide,2016-04-21,14.54
3,Nitrogen Dioxide,2016-04-22,5.73
3,Nitrogen Dioxide,2016-04-23,-33.92
3,Nitrogen Dioxide,2016-04-24,-47.14
3,Nitrogen Dioxide,2016-04-25,-47.14
3,Nitrogen Dioxide,2016-04-26,-29.52
3,Nitrogen Dioxide,2016-04-27,-3.08
3,Nitrogen Dioxide,2016-04-28,-3.08
3,Nitrogen Dioxide,2016-04-29,-20.70
3,Nitrogen Dioxide,2016-04-30,-55.95
3,Nitrogen Dioxide,2016-05-01,1.32
3,Nitrogen Dioxide,2016-05-02,-42.73
3,Nitrogen Dioxide,2016-05-03,-25.11
3,Nitrogen Dioxide,2016-05-04,5.73
3,Nitrogen Dioxide,2016-05-05,23.35
3,Nitrogen Dioxide,2016-05-06,67.40
3,Nitrogen Dioxide,2016-05-07,5.73
3,Nitrogen Dioxide,2016-05-08,-38.33
3,Nitrogen Dioxide,2016-05-09,27.75
3,Nitrogen Dioxide,2016-05-10,54.19
3,Nitrogen Dioxide,2016-05-11,40.97
3,Nitrogen Dioxide,2016-05-12,-16.30
3,Nitrogen Dioxide,2016-05-13,-33.92
3,Nitrogen Dioxide,2016-05-14,-29.52
3,Nitrogen Dioxide,2016-05-15,-16.30
3,Nitrogen Dioxide,2016-05-16,-25.11
3,Nitrogen Dioxide,2016-05-17,-11.89
3,Nitrogen Dioxide,2016-05-18,-25.11
3,Nitrogen Dioxide,2016-05-19,-16.30
3,Nitrogen Dioxide,2016-05-20,-33.92
3,Nitrogen Dioxide,2016-05-21,-16.30
3,Nitrogen Dioxide,2016-05-22,-16.30
3,Nitrogen Dioxide,2016-05-23,-7.49
3,Nitrogen Dioxide,2016-05-24,-33.92
3,Nitrogen Dioxide,2016-05-25,-7.49
3,Nitrogen Dioxide,2016-05-26,-16.30
3,Nitrogen Dioxide,2016-05-27,10.13
3,Nitrogen Dioxide,2016-05-28,-20.70
3,Nitrogen Dioxide,2016-05-29,-33.92
3,Nitrogen Dioxide,2016-05-30,-11.89
3,Nitrogen Dioxide,2016-05-31,-38.33
3,Nitrogen Dioxide,2016-06-01,-33.92
3,Nitrogen Dioxide,2016-06-02,-29.52
3,Nitrogen Dioxide,2016-06-03,-7.49
3,Nitrogen Dioxide,2016-06-04,40.97
3,Nitrogen Dioxide,2016-06-05,-38.33
3,Nitrogen Dioxide,2016-06-06,-3.08
3,Nitrogen Dioxide,2016-06-07,-11.89
3,Nitrogen Dioxide,2016-06-08,5.73
3,Nitrogen Dioxide,2016-06-09,1.32
3,Nitrogen Dioxide,2016-06-10,-3.08
3,Nitrogen Dioxide,2016-06-11,-11.89
3,Nitrogen Dioxide,2016-06-12,-60.35
3,Nitrogen Dioxide,2016-06-13,-38.33
3,Nitrogen Dioxide,2016-06-14,-42.73
3,Nitrogen Dioxide,2016-06-15,14.54
3,Nitrogen Dioxide,2016-06-16,1.32
3,Nitrogen Dioxide,2016-06-17,5.73
3,Nitrogen Dioxide,2016-06-18,-25.11
3,Nitrogen Dioxide,2016-06-19,-20.70
3,Nitrogen Dioxide,2016-06-20,-42.73
3,Nitrogen Dioxide,2016-06-21,-33.92
3,Nitrogen Dioxide,2016-06-22,-16.30
3,Nitrogen Dioxide,2016-06-23,-29.52
3,Nitrogen Dioxide,2016-06-24,-42.73
3,Nitrogen Dioxide,2016-06-25,-38.33
3,Nitrogen Dioxide,2016-06-26,-47.14
3,Nitrogen Dioxide,2016-06-27,-51.54
3,Nitrogen Dioxide,2016-06-28,-25.11
3,Nitrogen Dioxide,2016-06-29,-16.30
3,Nitrogen Dioxide,2016-06-30,5.73
3,Nitrogen Dioxide,2016-07-01,-47.14
3,Nitrogen Dioxide,2016-07-02,-38.33
3,Nitrogen Dioxide,2016-07-03,-42.73
3,Nitrogen Dioxide,2016-07-04,-42.73
3,Nitrogen Dioxide,2016-07-05,-55.95
3,Nitrogen Dioxide,2016-07-06,-25.11
3,Nitrogen Dioxide,2016-07-07,-33.92
3,Nitrogen Dioxide,2016-07-08,-55.95
3,Nitrogen Dioxide,2016-07-09,-38.33
3,Nitrogen Dioxide,2016-07-10,-73.57
3,Nitrogen Dioxide,2016-07-11,-64.76
3,Nitrogen Dioxide,2016-07-12,-42.73
3,Nitrogen Dioxide,2016-07-13,-25.11
3,Nitrogen Dioxide,2016-07-14,-33.92
3,Nitrogen Dioxide,2016-07-15,-38.33
3,Nitrogen Dioxide,2016-07-16,-51.54
3,Nitrogen Dioxide,2016-07-17,-60.35
3,Nitrogen Dioxide,2016-07-18,-29.52
3,Nitrogen Dioxide,2016-07-19,-3.08
3,Nitrogen Dioxide,2016-07-20,-33.92
3,Nitrogen Dioxide,2016-07-21,-42.73
3,Nitrogen Dioxide,2016-07-22,-11.89
3,Nitrogen Dioxide,2016-07-23,-47.14
3,Nitrogen Dioxide,2016-07-24,-64.76
3,Nitrogen Dioxide,2016-07-25,-60.35
3,Nitrogen Dioxide,2016-07-26,-42.73
3,Nitrogen Dioxide,2016-07-27,-55.95
3,Nitrogen Dioxide,2016-07-28,-33.92
3,Nitrogen Dioxide,2016-07-29,-51.54
3,Nitrogen Dioxide,2016-07-30,-38.33
3,Nitrogen Dioxide,2016-07-31,-51.54
3,Nitrogen Dioxide,2016-08-01,0.00
3,Nitrogen Dioxide,2016-08-02,0.00
3,Nitrogen Dioxide,2016-08-03,-73.57
3,Nitrogen Dioxide,2016-08-04,-47.14
3,Nitrogen Dioxide,2016-08-05,-25.11
3,Nitrogen Dioxide,2016-08-06,-33.92
3,Nitrogen Dioxide,2016-08-07,-69.16
3,Nitrogen Dioxide,2016-08-08,-42.73
3,Nitrogen Dioxide,2016-08-09,-47.14
3,Nitrogen Dioxide,2016-08-10,-33.92
3,Nitrogen Dioxide,2016-08-11,-33.92
3,Nitrogen Dioxide,2016-08-12,-51.54
3,Nitrogen Dioxide,2016-08-13,-47.14
3,Nitrogen Dioxide,2016-08-14,-16.30
3,Nitrogen Dioxide,2016-08-15,-11.89
3,Nitrogen Dioxide,2016-08-16,-3.08
3,Nitrogen Dioxide,2016-08-17,1.32
3,Nitrogen Dioxide,2016-08-18,-7.49
3,Nitrogen Dioxide,2016-08-19,-47.14
3,Nitrogen Dioxide,2016-08-20,-77.97
3,Nitrogen Dioxide,2016-08-21,-69.16
3,Nitrogen Dioxide,2016-08-22,-47.14
3,Nitrogen Dioxide,2016-08-23,-16.30
3,Nitrogen Dioxide,2016-08-24,-16.30
3,Nitrogen Dioxide,2016-08-25,14.54
3,Nitrogen Dioxide,2016-08-26,-16.30
3,Nitrogen Dioxide,2016-08-27,10.13
3,Nitrogen Dioxide,2016-08-28,-47.14
3,Nitrogen Dioxide,2016-08-29,-42.73
3,Nitrogen Dioxide,2016-08-30,-7.49
3,Nitrogen Dioxide,2016-08-31,-29.52
3,Nitrogen Dioxide,2016-09-01,-20.70
3,Nitrogen Dioxide,2016-09-02,-25.11
3,Nitrogen Dioxide,2016-09-03,-3.08
3,Nitrogen Dioxide,2016-09-04,-55.95
3,Nitrogen Dioxide,2016-09-05,-11.89
3,Nitrogen Dioxide,2016-09-06,-20.70
3,Nitrogen Dioxide,2016-09-07,0.00
3,Nitrogen Dioxide,2016-09-08,0.00
3,Nitrogen Dioxide,2016-09-09,-38.33
3,Nitrogen Dioxide,2016-09-10,-25.11
3,Nitrogen Dioxide,2016-09-11,-29.52
3,Nitrogen Dioxide,2016-09-12,-29.52
3,Nitrogen Dioxide,2016-09-13,32.16
3,Nitrogen Dioxide,2016-09-14,-3.08
3,Nitrogen Dioxide,2016-09-15,10.13
3,Nitrogen Dioxide,2016-09-16,-47.14
3,Nitrogen Dioxide,2016-09-17,-20.70
3,Nitrogen Dioxide,2016-09-18,-33.92
3,Nitrogen Dioxide,2016-09-19,-25.11
3,Nitrogen Dioxide,2016-09-20,10.13
3,Nitrogen Dioxide,2016-09-21,-3.08
3,Nitrogen Dioxide,2016-09-22,-3.08
3,Nitrogen Dioxide,2016-09-23,10.13
3,Nitrogen Dioxide,2016-09-24,-47.14
3,Nitrogen Dioxide,2016-09-25,-64.76
3,Nitrogen Dioxide,2016-09-26,-11.89
3,Nitrogen Dioxide,2016-09-27,-29.52
3,Nitrogen Dioxide,2016-09-28,-38.33
3,Nitrogen Dioxide,2016-09-29,-33.92
3,Nitrogen Dioxide,2016-09-30,-7.49
3,Nitrogen Dioxide,2016-10-01,-29.52
3,Nitrogen Dioxide,2016-10-02,1.32
3,Nitrogen Dioxide,2016-10-03,1.32
3,Nitrogen Dioxide,2016-10-04,5.73
3,Nitrogen Dioxide,2016-10-05,-33.92
3,Nitrogen Dioxide,2016-10-06,-7.49
3,Nitrogen Dioxide,2016-10-07,10.13
3,Nitrogen Dioxide,2016-10-08,-11.89
3,Nitrogen Dioxide,2016-10-09,-20.70
3,Nitrogen Dioxide,2016-10-10,23.35
3,Nitrogen Dioxide,2016-10-11,10.13
3,Nitrogen Dioxide,2016-10-12,-16.30
3,Nitrogen Dioxide,2016-10-13,-7.49
3,Nitrogen Dioxide,2016-10-14,27.75
3,Nitrogen Dioxide,2016-10-15,14.54
3,Nitrogen Dioxide,2016-10-16,-47.14
3,Nitrogen Dioxide,2016-10-17,-25.11
3,Nitrogen Dioxide,2016-10-18,-11.89
3,Nitrogen Dioxide,2016-10-19,32.16
3,Nitrogen Dioxide,2016-10-20,63.00
3,Nitrogen Dioxide,2016-10-21,80.62
3,Nitrogen Dioxide,2016-10-22,45.37
3,Nitrogen Dioxide,2016-10-23,-33.92
3,Nitrogen Dioxide,2016-10-24,27.75
3,Nitrogen Dioxide,2016-10-25,40.97
3,Nitrogen Dioxide,2016-10-26,49.78
3,Nitrogen Dioxide,2016-10-27,10.13
3,Nitrogen Dioxide,2016-10-28,10.13
3,Nitrogen Dioxide,2016-10-29,23.35
3,Nitrogen Dioxide,2016-10-30,1.32
3,Nitrogen Dioxide,2016-10-31,54.19
3,Nitrogen Dioxide,2016-11-01,32.16
3,Nitrogen Dioxide,2016-11-02,76.21
3,Nitrogen Dioxide,2016-11-03,93.83
3,Nitrogen Dioxide,2016-11-04,111.45
3,Nitrogen Dioxide,2016-11-05,76.21
3,Nitrogen Dioxide,2016-11-06,10.13
3,Nitrogen Dioxide,2016-11-07,27.75
3,Nitrogen Dioxide,2016-11-08,54.19
3,Nitrogen Dioxide,2016-11-09,10.13
3,Nitrogen Dioxide,2016-11-10,40.97
3,Nitrogen Dioxide,2016-11-11,40.97
3,Nitrogen Dioxide,2016-11-12,14.54
3,Nitrogen Dioxide,2016-11-13,36.56
3,Nitrogen Dioxide,2016-11-14,-3.08
3,Nitrogen Dioxide,2016-11-15,-20.70
3,Nitrogen Dioxide,2016-11-16,14.54
3,Nitrogen Dioxide,2016-11-17,23.35
3,Nitrogen Dioxide,2016-11-18,159.91
3,Nitrogen Dioxide,2016-11-19,124.67
3,Nitrogen Dioxide,2016-11-20,-3.08
3,Nitrogen Dioxide,2016-11-21,54.19
3,Nitrogen Dioxide,2016-11-22,0.00
3,Nitrogen Dioxide,2016-11-23,0.00
3,Nitrogen Dioxide,2016-11-24,0.00
3,Nitrogen Dioxide,2016-11-25,-20.70
3,Nitrogen Dioxide,2016-11-26,-3.08
3,Nitrogen Dioxide,2016-11-27,5.73
3,Nitrogen Dioxide,2016-11-28,40.97
3,Nitrogen Dioxide,2016-11-29,58.59
3,Nitrogen Dioxide,2016-11-30,199.56
3,Nitrogen Dioxide,2016-12-01,115.86
3,Nitrogen Dioxide,2016-12-02,115.86
3,Nitrogen Dioxide,2016-12-03,27.75
3,Nitrogen Dioxide,2016-12-04,10.13
3,Nitrogen Dioxide,2016-12-05,36.56
3,Nitrogen Dioxide,2016-12-06,63.00
3,Nitrogen Dioxide,2016-12-07,14.54
3,Nitrogen Dioxide,2016-12-08,10.13
3,Nitrogen Dioxide,2016-12-09,18.94
3,Nitrogen Dioxide,2016-12-10,49.78
3,Nitrogen Dioxide,2016-12-11,45.37
3,Nitrogen Dioxide,2016-12-12,45.37
3,Nitrogen Dioxide,2016-12-13,40.97
3,Nitrogen Dioxide,2016-12-14,1.32
3,Nitrogen Dioxide,2016-12-15,-3.08
3,Nitrogen Dioxide,2016-12-16,63.00
3,Nitrogen Dioxide,2016-12-17,63.00
3,Nitrogen Dioxide,2016-12-18,36.56
3,Nitrogen Dioxide,2016-12-19,67.40
3,Nitrogen Dioxide,2016-12-20,32.16
3,Nitrogen Dioxide,2016-12-21,63.00
3,Nitrogen Dioxide,2016-12-22,107.05
3,Nitrogen Dioxide,2016-12-23,-25.11
3,Nitrogen Dioxide,2016-12-24,-64.76
3,Nitrogen Dioxide,2016-12-25,-91.19
3,Nitrogen Dioxide,2016-12-26,-29.52
3,Nitrogen Dioxide,2016-12-27,27.75
3,Nitrogen Dioxide,2016-12-28,27.75
3,Nitrogen Dioxide,2016-12-29,63.00
3,Nitrogen Dioxide,2016-12-30,18.94
3,Nitrogen Dioxide,2016-12-31,-20.70
4,Sulphur Dioxide,2016-01-01,11.11
4,Sulphur Dioxide,2016-01-02,11.11
4,Sulphur Dioxide,2016-01-03,11.11
4,Sulphur Dioxide,2016-01-04,11.11
4,Sulphur Dioxide,2016-01-05,66.67
4,Sulphur Dioxide,2016-01-06,11.11
4,Sulphur Dioxide,2016-01-07,66.67
4,Sulphur Dioxide,2016-01-08,-44.44
4,Sulphur Dioxide,2016-01-09,11.11
4,Sulphur Dioxide,2016-01-10,66.67
4,Sulphur Dioxide,2016-01-11,233.33
4,Sulphur Dioxide,2016-01-12,66.67
4,Sulphur Dioxide,2016-01-13,66.67
4,Sulphur Dioxide,2016-01-14,11.11
4,Sulphur Dioxide,2016-01-15,-44.44
4,Sulphur Dioxide,2016-01-16,122.22
4,Sulphur Dioxide,2016-01-17,11.11
4,Sulphur Dioxide,2016-01-18,-44.44
4,Sulphur Dioxide,2016-01-19,122.22
4,Sulphur Dioxide,2016-01-20,122.22
4,Sulphur Dioxide,2016-01-21,11.11
4,Sulphur Dioxide,2016-01-22,11.11
4,Sulphur Dioxide,2016-01-23,-44.44
4,Sulphur Dioxide,2016-01-24,-44.44
4,Sulphur Dioxide,2016-01-25,11.11
4,Sulphur Dioxide,2016-01-26,11.11
4,Sulphur Dioxide,2016-01-27,11.11
4,Sulphur Dioxide,2016-01-28,122.22
4,Sulphur Dioxide,2016-01-29,122.22
4,Sulphur Dioxide,2016-01-30,11.11
4,Sulphur Dioxide,2016-01-31,-44.44
4,Sulphur Dioxide,2016-02-01,-44.44
4,Sulphur Dioxide,2016-02-02,-44.44
4,Sulphur Dioxide,2016-02-03,0.00
4,Sulphur Dioxide,2016-02-04,0.00
4,Sulphur Dioxide,2016-02-05,11.11
4,Sulphur Dioxide,2016-02-06,66.67
4,Sulphur Dioxide,2016-02-07,11.11
4,Sulphur Dioxide,2016-02-08,11.11
4,Sulphur Dioxide,2016-02-09,66.67
4,Sulphur Dioxide,2016-02-10,11.11
4,Sulphur Dioxide,2016-02-11,11.11
4,Sulphur Dioxide,2016-02-12,11.11
4,Sulphur Dioxide,2016-02-13,66.67
4,Sulphur Dioxide,2016-02-14,11.11
4,Sulphur Dioxide,2016-02-15,11.11
4,Sulphur Dioxide,2016-02-16,11.11
4,Sulphur Dioxide,2016-02-17,66.67
4,Sulphur Dioxide,2016-02-18,66.67
4,Sulphur Dioxide,2016-02-19,11.11
4,Sulphur Dioxide,2016-02-20,-44.44
4,Sulphur Dioxide,2016-02-21,-44.44
4,Sulphur Dioxide,2016-02-22,11.11
4,Sulphur Dioxide,2016-02-23,-44.44
4,Sulphur Dioxide,2016-02-24,11.11
4,Sulphur Dioxide,2016-02-25,11.11
4,Sulphur Dioxide,2016-02-26,177.78
4,Sulphur Dioxide,2016-02-27,66.67
4,Sulphur Dioxide,2016-02-28,11.11
4,Sulphur Dioxide,2016-02-29,-44.44
4,Sulphur Dioxide,2016-03-01,11.11
4,Sulphur Dioxide,2016-03-02,11.11
4,Sulphur Dioxide,2016-03-03,11.11
4,Sulphur Dioxide,2016-03-04,177.78
4,Sulphur Dioxide,2016-03-05,-44.44
4,Sulphur Dioxide,2016-03-06,-44.44
4,Sulphur Dioxide,2016-03-07,-44.44
4,Sulphur Dioxide,2016-03-08,11.11
4,Sulphur Dioxide,2016-03-09,66.67
4,Sulphur Dioxide,2016-03-10,-44.44
4,Sulphur Dioxide,2016-03-11,66.67
4,Sulphur Dioxide,2016-03-12,66.67
4,Sulphur Dioxide,2016-03-13,-44.44
4,Sulphur Dioxide,2016-03-14,-44.44
4,Sulphur Dioxide,2016-03-15,-44.44
4,Sulphur Dioxide,2016-03-16,-44.44
4,Sulphur Dioxide,2016-03-17,-44.44
4,Sulphur Dioxide,2016-03-18,-44.44
4,Sulphur Dioxide,2016-03-19,-44.44
4,Sulphur Dioxide,2016-03-20,-44.44
4,Sulphur Dioxide,2016-03-21,11.11
4,Sulphur Dioxide,2016-03-22,-44.44
4,Sulphur Dioxide,2016-03-23,11.11
4,Sulphur Dioxide,2016-03-24,177.78
4,Sulphur Dioxide,2016-03-25,11.11
4,Sulphur Dioxide,2016-03-26,66.67
4,Sulphur Dioxide,2016-03-27,-44.44
4,Sulphur Dioxide,2016-03-28,66.67
4,Sulphur Dioxide,2016-03-29,-44.44
4,Sulphur Dioxide,2016-03-30,11.11
4,Sulphur Dioxide,2016-03-31,-44.44
4,Sulphur Dioxide,2016-04-01,-44.44
4,Sulphur Dioxide,2016-04-02,11.11
4,Sulphur Dioxide,2016-04-03,66.67
4,Sulphur Dioxide,2016-04-04,66.67
4,Sulphur Dioxide,2016-04-05,11.11
4,Sulphur Dioxide,2016-04-06,11.11
4,Sulphur Dioxide,2016-04-07,11.11
4,Sulphur Dioxide,2016-04-08,11.11
4,Sulphur Dioxide,2016-04-09,11.11
4,Sulphur Dioxide,2016-04-10,11.11
4,Sulphur Dioxide,2016-04-11,11.11
4,Sulphur Dioxide,2016-04-12,66.67
4,Sulphur Dioxide,2016-04-13,66.67
4,Sulphur Dioxide,2016-04-14,-44.44
4,Sulphur Dioxide,2016-04-15,11.11
4,Sulphur Dioxide,2016-04-16,-44.44
4,Sulphur Dioxide,2016-04-17,11.11
4,Sulphur Dioxide,2016-04-18,66.67
4,Sulphur Dioxide,2016-04-19,11.11
4,Sulphur Dioxide,2016-04-20,11.11
4,Sulphur Dioxide,2016-04-21,11.11
4,Sulphur Dioxide,2016-04-22,11.11
4,Sulphur Dioxide,2016-04-23,-44.44
4,Sulphur Dioxide,2016-04-24,-44.44
4,Sulphur Dioxide,2016-04-25,11.11
4,Sulphur Dioxide,2016-04-26,-44.44
4,Sulphur Dioxide,2016-04-27,-44.44
4,Sulphur Dioxide,2016-04-28,11.11
4,Sulphur Dioxide,2016-04-29,11.11
4,Sulphur Dioxide,2016-04-30,-44.44
4,Sulphur Dioxide,2016-05-01,-44.44
4,Sulphur Dioxide,2016-05-02,11.11
4,Sulphur Dioxide,2016-05-03,11.11
4,Sulphur Dioxide,2016-05-04,11.11
4,Sulphur Dioxide,2016-05-05,11.11
4,Sulphur Dioxide,2016-05-06,11.11
4,Sulphur Dioxide,2016-05-07,11.11
4,Sulphur Dioxide,2016-05-08,11.11
4,Sulphur Dioxide,2016-05-09,11.11
4,Sulphur Dioxide,2016-05-10,-44.44
4,Sulphur Dioxide,2016-05-11,11.11
4,Sulphur Dioxide,2016-05-12,11.11
4,Sulphur Dioxide,2016-05-13,11.11
4,Sulphur Dioxide,2016-05-14,-44.44
4,Sulphur Dioxide,2016-05-15,-44.44
4,Sulphur Dioxide,2016-05-16,11.11
4,Sulphur Dioxide,2016-05-17,-44.44
4,Sulphur Dioxide,2016-05-18,11.11
4,Sulphur Dioxide,2016-05-19,11.11
4,Sulphur Dioxide,2016-05-20,-44.44
4,Sulphur Dioxide,2016-05-21,11.11
4,Sulphur Dioxide,2016-05-22,11.11
4,Sulphur Dioxide,2016-05-23,-44.44
4,Sulphur Dioxide,2016-05-24,11.11
4,Sulphur Dioxide,2016-05-25,-44.44
4,Sulphur Dioxide,2016-05-26,-44.44
4,Sulphur Dioxide,2016-05-27,-44.44
4,Sulphur Dioxide,2016-05-28,11.11
4,Sulphur Dioxide,2016-05-29,11.11
4,Sulphur Dioxide,2016-05-30,11.11
4,Sulphur Dioxide,2016-05-31,-44.44
4,Sulphur Dioxide,2016-06-01,-44.44
4,Sulphur Dioxide,2016-06-02,11.11
4,Sulphur Dioxide,2016-06-03,11.11
4,Sulphur Dioxide,2016-06-04,66.67
4,Sulphur Dioxide,2016-06-05,11.11
4,Sulphur Dioxide,2016-06-06,-44.44
4,Sulphur Dioxide,2016-06-07,11.11
4,Sulphur Dioxide,2016-06-08,11.11
4,Sulphur Dioxide,2016-06-09,-44.44
4,Sulphur Dioxide,2016-06-10,-44.44
4,Sulphur Dioxide,2016-06-11,-44.44
4,Sulphur Dioxide,2016-06-12,-44.44
4,Sulphur Dioxide,2016-06-13,11.11
4,Sulphur Dioxide,2016-06-14,-44.44
4,Sulphur Dioxide,2016-06-15,122.22
4,Sulphur Dioxide,2016-06-16,66.67
4,Sulphur Dioxide,2016-06-17,-44.44
4,Sulphur Dioxide,2016-06-18,-44.44
4,Sulphur Dioxide,2016-06-19,11.11
4,Sulphur Dioxide,2016-06-20,66.67
4,Sulphur Dioxide,2016-06-21,11.11
4,Sulphur Dioxide,2016-06-22,66.67
4,Sulphur Dioxide,2016-06-23,66.67
4,Sulphur Dioxide,2016-06-24,66.67
4,Sulphur Dioxide,2016-06-25,-44.44
4,Sulphur Dioxide,2016-06-26,11.11
4,Sulphur Dioxide,2016-06-27,11.11
4,Sulphur Dioxide,2016-06-28,11.11
4,Sulphur Dioxide,2016-06-29,11.11
4,Sulphur Dioxide,2016-06-30,-44.44
4,Sulphur Dioxide,2016-07-01,-44.44
4,Sulphur Dioxide,2016-07-02,-44.44
4,Sulphur Dioxide,2016-07-03,-44.44
4,Sulphur Dioxide,2016-07-04,-44.44
4,Sulphur Dioxide,2016-07-05,-44.44
4,Sulphur Dioxide,2016-07-06,-44.44
4,Sulphur Dioxide,2016-07-07,-44.44
4,Sulphur Dioxide,2016-07-08,-44.44
4,Sulphur Dioxide,2016-07-09,-44.44
4,Sulphur Dioxide,2016-07-10,-44.44
4,Sulphur Dioxide,2016-07-11,-44.44
4,Sulphur Dioxide,2016-07-12,-44.44
4,Sulphur Dioxide,2016-07-13,-44.44
4,Sulphur Dioxide,2016-07-14,-44.44
4,Sulphur Dioxide,2016-07-15,-44.44
4,Sulphur Dioxide,2016-07-16,-100.00
4,Sulphur Dioxide,2016-07-17,-44.44
4,Sulphur Dioxide,2016-07-18,-44.44
4,Sulphur Dioxide,2016-07-19,-44.44
4,Sulphur Dioxide,2016-07-20,-44.44
4,Sulphur Dioxide,2016-07-21,-44.44
4,Sulphur Dioxide,2016-07-22,-44.44
4,Sulphur Dioxide,2016-07-23,-44.44
4,Sulphur Dioxide,2016-07-24,-44.44
4,Sulphur Dioxide,2016-07-25,-44.44
4,Sulphur Dioxide,2016-07-26,-44.44
4,Sulphur Dioxide,2016-07-27,-44.44
4,Sulphur Dioxide,2016-07-28,-44.44
4,Sulphur Dioxide,2016-07-29,-44.44
4,Sulphur Dioxide,2016-07-30,-44.44
4,Sulphur Dioxide,2016-07-31,11.11
4,Sulphur Dioxide,2016-08-01,0.00
4,Sulphur Dioxide,2016-08-02,0.00
4,Sulphur Dioxide,2016-08-03,-44.44
4,Sulphur Dioxide,2016-08-04,-44.44
4,Sulphur Dioxide,2016-08-05,11.11
4,Sulphur Dioxide,2016-08-06,-44.44
4,Sulphur Dioxide,2016-08-07,-44.44
4,Sulphur Dioxide,2016-08-08,11.11
4,Sulphur Dioxide,2016-08-09,-44.44
4,Sulphur Dioxide,2016-08-10,11.11
4,Sulphur Dioxide,2016-08-11,11.11
4,Sulphur Dioxide,2016-08-12,-44.44
4,Sulphur Dioxide,2016-08-13,-44.44
4,Sulphur Dioxide,2016-08-14,-44.44
4,Sulphur Dioxide,2016-08-15,11.11
4,Sulphur Dioxide,2016-08-16,66.67
4,Sulphur Dioxide,2016-08-17,11.11
4,Sulphur Dioxide,2016-08-18,-44.44
4,Sulphur Dioxide,2016-08-19,11.11
4,Sulphur Dioxide,2016-08-20,11.11
4,Sulphur Dioxide,2016-08-21,-44.44
4,Sulphur Dioxide,2016-08-22,-44.44
4,Sulphur Dioxide,2016-08-23,-44.44
4,Sulphur Dioxide,2016-08-24,-44.44
4,Sulphur Dioxide,2016-08-25,-44.44
4,Sulphur Dioxide,2016-08-26,11.11
4,Sulphur Dioxide,2016-08-27,-44.44
4,Sulphur Dioxide,2016-08-28,-44.44
4,Sulphur Dioxide,2016-08-29,-44.44
4,Sulphur Dioxide,2016-08-30,11.11
4,Sulphur Dioxide,2016-08-31,-44.44
4,Sulphur Dioxide,2016-09-01,-44.44
4,Sulphur Dioxide,2016-09-02,-44.44
4,Sulphur Dioxide,2016-09-03,-44.44
4,Sulphur Dioxide,2016-09-04,-44.44
4,Sulphur Dioxide,2016-09-05,11.11
4,Sulphur Dioxide,2016-09-06,11.11
4,Sulphur Dioxide,2016-09-07,0.00
4,Sulphur Dioxide,2016-09-08,0.00
4,Sulphur Dioxide,2016-09-09,11.11
4,Sulphur Dioxide,2016-09-10,-44.44
4,Sulphur Dioxide,2016-09-11,-44.44
4,Sulphur Dioxide,2016-09-12,-44.44
4,Sulphur Dioxide,2016-09-13,11.11
4,Sulphur Dioxide,2016-09-14,11.11
4,Sulphur Dioxide,2016-09-15,11.11
4,Sulphur Dioxide,2016-09-16,11.11
4,Sulphur Dioxide,2016-09-17,-44.44
4,Sulphur Dioxide,2016-09-18,66.67
4,Sulphur Dioxide,2016-09-19,-44.44
4,Sulphur Dioxide,2016-09-20,11.11
4,Sulphur Dioxide,2016-09-21,-44.44
4,Sulphur Dioxide,2016-09-22,-44.44
4,Sulphur Dioxide,2016-09-23,-44.44
4,Sulphur Dioxide,2016-09-24,11.11
4,Sulphur Dioxide,2016-09-25,11.11
4,Sulphur Dioxide,2016-09-26,-44.44
4,Sulphur Dioxide,2016-09-27,11.11
4,Sulphur Dioxide,2016-09-28,-44.44
4,Sulphur Dioxide,2016-09-29,-44.44
4,Sulphur Dioxide,2016-09-30,-44.44
4,Sulphur Dioxide,2016-10-01,11.11
4,Sulphur Dioxide,2016-10-02,11.11
4,Sulphur Dioxide,2016-10-03,-44.44
4,Sulphur Dioxide,2016-10-04,-44.44
4,Sulphur Dioxide,2016-10-05,11.11
4,Sulphur Dioxide,2016-10-06,11.11
4,Sulphur Dioxide,2016-10-07,11.11
4,Sulphur Dioxide,2016-10-08,-44.44
4,Sulphur Dioxide,2016-10-09,-44.44
4,Sulphur Dioxide,2016-10-10,11.11
4,Sulphur Dioxide,2016-10-11,-44.44
4,Sulphur Dioxide,2016-10-12,-44.44
4,Sulphur Dioxide,2016-10-13,66.67
4,Sulphur Dioxide,2016-10-14,11.11
4,Sulphur Dioxide,2016-10-15,66.67
4,Sulphur Dioxide,2016-10-16,11.11
4,Sulphur Dioxide,2016-10-17,66.67
4,Sulphur Dioxide,2016-10-18,11.11
4,Sulphur Dioxide,2016-10-19,-44.44
4,Sulphur Dioxide,2016-10-20,11.11
4,Sulphur Dioxide,2016-10-21,66.67
4,Sulphur Dioxide,2016-10-22,-44.44
4,Sulphur Dioxide,2016-10-23,-44.44
4,Sulphur Dioxide,2016-10-24,11.11
4,Sulphur Dioxide,2016-10-25,11.11
4,Sulphur Dioxide,2016-10-26,-44.44
4,Sulphur Dioxide,2016-10-27,-44.44
4,Sulphur Dioxide,2016-10-28,-44.44
4,Sulphur Dioxide,2016-10-29,-44.44
4,Sulphur Dioxide,2016-10-30,11.11
4,Sulphur Dioxide,2016-10-31,122.22
4,Sulphur Dioxide,2016-11-01,11.11
4,Sulphur Dioxide,2016-11-02,66.67
4,Sulphur Dioxide,2016-11-03,11.11
4,Sulphur Dioxide,2016-11-04,11.11
4,Sulphur Dioxide,2016-11-05,11.11
4,Sulphur Dioxide,2016-11-06,11.11
4,Sulphur Dioxide,2016-11-07,-44.44
4,Sulphur Dioxide,2016-11-08,66.67
4,Sulphur Dioxide,2016-11-09,11.11
4,Sulphur Dioxide,2016-11-10,122.22
4,Sulphur Dioxide,2016-11-11,11.11
4,Sulphur Dioxide,2016-11-12,11.11
4,Sulphur Dioxide,2016-11-13,-44.44
4,Sulphur Dioxide,2016-11-14,-44.44
4,Sulphur Dioxide,2016-11-15,11.11
4,Sulphur Dioxide,2016-11-16,11.11
4,Sulphur Dioxide,2016-11-17,66.67
4,Sulphur Dioxide,2016-11-18,11.11
4,Sulphur Dioxide,2016-11-19,66.67
4,Sulphur Dioxide,2016-11-20,11.11
4,Sulphur Dioxide,2016-11-21,66.67
4,Sulphur Dioxide,2016-11-22,122.22
4,Sulphur Dioxide,2016-11-23,11.11
4,Sulphur Dioxide,2016-11-24,-44.44
4,Sulphur Dioxide,2016-11-25,-44.44
4,Sulphur Dioxide,2016-11-26,-44.44
4,Sulphur Dioxide,2016-11-27,-44.44
4,Sulphur Dioxide,2016-11-28,11.11
4,Sulphur Dioxide,2016-11-29,66.67
4,Sulphur Dioxide,2016-11-30,233.33
4,Sulphur Dioxide,2016-12-01,66.67
4,Sulphur Dioxide,2016-12-02,122.22
4,Sulphur Dioxide,2016-12-03,-44.44
4,Sulphur Dioxide,2016-12-04,11.11
4,Sulphur Dioxide,2016-12-05,11.11
4,Sulphur Dioxide,2016-12-06,66.67
4,Sulphur Dioxide,2016-12-07,-44.44
4,Sulphur Dioxide,2016-12-08,-44.44
4,Sulphur Dioxide,2016-12-09,11.11
4,Sulphur Dioxide,2016-12-10,11.11
4,Sulphur Dioxide,2016-12-11,11.11
4,Sulphur Dioxide,2016-12-12,11.11
4,Sulphur Dioxide,2016-12-13,11.11
4,Sulphur Dioxide,2016-12-14,-44.44
4,Sulphur Dioxide,2016-12-15,11.11
4,Sulphur Dioxide,2016-12-16,11.11
4,Sulphur Dioxide,2016-12-17,122.22
4,Sulphur Dioxide,2016-12-18,11.11
4,Sulphur Dioxide,2016-12-19,66.67
4,Sulphur Dioxide,2016-12-20,11.11
4,Sulphur Dioxide,2016-12-21,11.11
4,Sulphur Dioxide,2016-12-22,122.22
4,Sulphur Dioxide,2016-12-23,66.67
4,Sulphur Dioxide,2016-12-24,-44.44
4,Sulphur Dioxide,2016-12-25,11.11
4,Sulphur Dioxide,2016-12-26,66.67
4,Sulphur Dioxide,2016-12-27,11.11
4,Sulphur Dioxide,2016-12-28,66.67
4,Sulphur Dioxide,2016-12-29,233.33
4,Sulphur Dioxide,2016-12-30,11.11
4,Sulphur Dioxide,2016-12-31,11.11
5,Carbon Monoxide,2016-01-01,0.01
5,Carbon Monoxide,2016-01-02,0.01
5,Carbon Monoxide,2016-01-03,-18.18
5,Carbon Monoxide,2016-01-04,-9.09
5,Carbon Monoxide,2016-01-05,45.45
5,Carbon Monoxide,2016-01-06,63.64
5,Carbon Monoxide,2016-01-07,27.27
5,Carbon Monoxide,2016-01-08,27.27
5,Carbon Monoxide,2016-01-09,-9.09
5,Carbon Monoxide,2016-01-10,-9.09
5,Carbon Monoxide,2016-01-11,136.36
5,Carbon Monoxide,2016-01-12,-9.09
5,Carbon Monoxide,2016-01-13,63.64
5,Carbon Monoxide,2016-01-14,27.27
5,Carbon Monoxide,2016-01-15,-9.09
5,Carbon Monoxide,2016-01-16,254.55
5,Carbon Monoxide,2016-01-17,227.27
5,Carbon Monoxide,2016-01-18,18.18
5,Carbon Monoxide,2016-01-19,181.82
5,Carbon Monoxide,2016-01-20,236.36
5,Carbon Monoxide,2016-01-21,90.91
5,Carbon Monoxide,2016-01-22,27.27
5,Carbon Monoxide,2016-01-23,18.18
5,Carbon Monoxide,2016-01-24,0.01
5,Carbon Monoxide,2016-01-25,-9.09
5,Carbon Monoxide,2016-01-26,-36.36
5,Carbon Monoxide,2016-01-27,-18.18
5,Carbon Monoxide,2016-01-28,0.01
5,Carbon Monoxide,2016-01-29,-36.36
5,Carbon Monoxide,2016-01-30,-27.27
5,Carbon Monoxide,2016-01-31,-36.36
5,Carbon Monoxide,2016-02-01,-45.45
5,Carbon Monoxide,2016-02-02,-27.27
5,Carbon Monoxide,2016-02-03,0.00
5,Carbon Monoxide,2016-02-04,0.00
5,Carbon Monoxide,2016-02-05,-36.36
5,Carbon Monoxide,2016-02-06,0.00
5,Carbon Monoxide,2016-02-07,-18.18
5,Carbon Monoxide,2016-02-08,-45.45
5,Carbon Monoxide,2016-02-09,18.18
5,Carbon Monoxide,2016-02-10,54.55
5,Carbon Monoxide,2016-02-11,136.36
5,Carbon Monoxide,2016-02-12,18.18
5,Carbon Monoxide,2016-02-13,63.64
5,Carbon Monoxide,2016-02-14,9.09
5,Carbon Monoxide,2016-02-15,45.45
5,Carbon Monoxide,2016-02-16,100.00
5,Carbon Monoxide,2016-02-17,27.27
5,Carbon Monoxide,2016-02-18,72.73
5,Carbon Monoxide,2016-02-19,36.36
5,Carbon Monoxide,2016-02-20,-36.36
5,Carbon Monoxide,2016-02-21,-45.45
5,Carbon Monoxide,2016-02-22,0.01
5,Carbon Monoxide,2016-02-23,54.55
5,Carbon Monoxide,2016-02-24,45.45
5,Carbon Monoxide,2016-02-25,81.82
5,Carbon Monoxide,2016-02-26,27.27
5,Carbon Monoxide,2016-02-27,9.09
5,Carbon Monoxide,2016-02-28,0.01
5,Carbon Monoxide,2016-02-29,18.18
5,Carbon Monoxide,2016-03-01,-36.36
5,Carbon Monoxide,2016-03-02,-36.36
5,Carbon Monoxide,2016-03-03,-27.27
5,Carbon Monoxide,2016-03-04,27.27
5,Carbon Monoxide,2016-03-05,-18.18
5,Carbon Monoxide,2016-03-06,-9.09
5,Carbon Monoxide,2016-03-07,9.09
5,Carbon Monoxide,2016-03-08,63.64
5,Carbon Monoxide,2016-03-09,-45.45
5,Carbon Monoxide,2016-03-10,45.45
5,Carbon Monoxide,2016-03-11,172.73
5,Carbon Monoxide,2016-03-12,118.18
5,Carbon Monoxide,2016-03-13,63.64
5,Carbon Monoxide,2016-03-14,-27.27
5,Carbon Monoxide,2016-03-15,-9.09
5,Carbon Monoxide,2016-03-16,-54.55
5,Carbon Monoxide,2016-03-17,9.09
5,Carbon Monoxide,2016-03-18,63.64
5,Carbon Monoxide,2016-03-19,-36.36
5,Carbon Monoxide,2016-03-20,18.18
5,Carbon Monoxide,2016-03-21,27.27
5,Carbon Monoxide,2016-03-22,0.01
5,Carbon Monoxide,2016-03-23,36.36
5,Carbon Monoxide,2016-03-24,-18.18
5,Carbon Monoxide,2016-03-25,-18.18
5,Carbon Monoxide,2016-03-26,-45.45
5,Carbon Monoxide,2016-03-27,-54.55
5,Carbon Monoxide,2016-03-28,-45.45
5,Carbon Monoxide,2016-03-29,-36.36
5,Carbon Monoxide,2016-03-30,-9.09
5,Carbon Monoxide,2016-03-31,27.27
5,Carbon Monoxide,2016-04-01,18.18
5,Carbon Monoxide,2016-04-02,-9.09
5,Carbon Monoxide,2016-04-03,18.18
5,Carbon Monoxide,2016-04-04,9.09
5,Carbon Monoxide,2016-04-05,0.01
5,Carbon Monoxide,2016-04-06,-45.45
5,Carbon Monoxide,2016-04-07,-18.18
5,Carbon Monoxide,2016-04-08,0.01
5,Carbon Monoxide,2016-04-09,-27.27
5,Carbon Monoxide,2016-04-10,-18.18
5,Carbon Monoxide,2016-04-11,90.91
5,Carbon Monoxide,2016-04-12,100.00
5,Carbon Monoxide,2016-04-13,54.55
5,Carbon Monoxide,2016-04-14,-9.09
5,Carbon Monoxide,2016-04-15,-9.09
5,Carbon Monoxide,2016-04-16,-36.36
5,Carbon Monoxide,2016-04-17,-18.18
5,Carbon Monoxide,2016-04-18,36.36
5,Carbon Monoxide,2016-04-19,9.09
5,Carbon Monoxide,2016-04-20,-9.09
5,Carbon Monoxide,2016-04-21,27.27
5,Carbon Monoxide,2016-04-22,9.09
5,Carbon Monoxide,2016-04-23,-27.27
5,Carbon Monoxide,2016-04-24,-36.36
5,Carbon Monoxide,2016-04-25,-36.36
5,Carbon Monoxide,2016-04-26,-9.09
5,Carbon Monoxide,2016-04-27,-18.18
5,Carbon Monoxide,2016-04-28,-9.09
5,Carbon Monoxide,2016-04-29,-18.18
5,Carbon Monoxide,2016-04-30,-9.09
5,Carbon Monoxide,2016-05-01,27.27
5,Carbon Monoxide,2016-05-02,-27.27
5,Carbon Monoxide,2016-05-03,9.09
5,Carbon Monoxide,2016-05-04,18.18
5,Carbon Monoxide,2016-05-05,-18.18
5,Carbon Monoxide,2016-05-06,45.45
5,Carbon Monoxide,2016-05-07,36.36
5,Carbon Monoxide,2016-05-08,-9.09
5,Carbon Monoxide,2016-05-09,45.45
5,Carbon Monoxide,2016-05-10,90.91
5,Carbon Monoxide,2016-05-11,81.82
5,Carbon Monoxide,2016-05-12,18.18
5,Carbon Monoxide,2016-05-13,-27.27
5,Carbon Monoxide,2016-05-14,-54.55
5,Carbon Monoxide,2016-05-15,-9.09
5,Carbon Monoxide,2016-05-16,-27.27
5,Carbon Monoxide,2016-05-17,-9.09
5,Carbon Monoxide,2016-05-18,-45.45
5,Carbon Monoxide,2016-05-19,-27.27
5,Carbon Monoxide,2016-05-20,-27.27
5,Carbon Monoxide,2016-05-21,0.01
5,Carbon Monoxide,2016-05-22,-27.27
5,Carbon Monoxide,2016-05-23,-36.36
5,Carbon Monoxide,2016-05-24,-36.36
5,Carbon Monoxide,2016-05-25,-9.09
5,Carbon Monoxide,2016-05-26,0.01
5,Carbon Monoxide,2016-05-27,18.18
5,Carbon Monoxide,2016-05-28,0.01
5,Carbon Monoxide,2016-05-29,-18.18
5,Carbon Monoxide,2016-05-30,-18.18
5,Carbon Monoxide,2016-05-31,-54.55
5,Carbon Monoxide,2016-06-01,-18.18
5,Carbon Monoxide,2016-06-02,-54.55
5,Carbon Monoxide,2016-06-03,-27.27
5,Carbon Monoxide,2016-06-04,54.55
5,Carbon Monoxide,2016-06-05,0.01
5,Carbon Monoxide,2016-06-06,-9.09
5,Carbon Monoxide,2016-06-07,63.64
5,Carbon Monoxide,2016-06-08,18.18
5,Carbon Monoxide,2016-06-09,0.01
5,Carbon Monoxide,2016-06-10,-9.09
5,Carbon Monoxide,2016-06-11,-18.18
5,Carbon Monoxide,2016-06-12,-72.73
5,Carbon Monoxide,2016-06-13,-36.36
5,Carbon Monoxide,2016-06-14,-72.73
5,Carbon Monoxide,2016-06-15,-18.18
5,Carbon Monoxide,2016-06-16,-54.55
5,Carbon Monoxide,2016-06-17,-18.18
5,Carbon Monoxide,2016-06-18,-36.36
5,Carbon Monoxide,2016-06-19,-36.36
5,Carbon Monoxide,2016-06-20,-45.45
5,Carbon Monoxide,2016-06-21,-63.64
5,Carbon Monoxide,2016-06-22,9.09
5,Carbon Monoxide,2016-06-23,-45.45
5,Carbon Monoxide,2016-06-24,-27.27
5,Carbon Monoxide,2016-06-25,-27.27
5,Carbon Monoxide,2016-06-26,18.18
5,Carbon Monoxide,2016-06-27,-27.27
5,Carbon Monoxide,2016-06-28,9.09
5,Carbon Monoxide,2016-06-29,-9.09
5,Carbon Monoxide,2016-06-30,-27.27
5,Carbon Monoxide,2016-07-01,-45.45
5,Carbon Monoxide,2016-07-02,-54.55
5,Carbon Monoxide,2016-07-03,-45.45
5,Carbon Monoxide,2016-07-04,-36.36
5,Carbon Monoxide,2016-07-05,-54.55
5,Carbon Monoxide,2016-07-06,-54.55
5,Carbon Monoxide,2016-07-07,-54.55
5,Carbon Monoxide,2016-07-08,-27.27
5,Carbon Monoxide,2016-07-09,-45.45
5,Carbon Monoxide,2016-07-10,-54.55
5,Carbon Monoxide,2016-07-11,-45.45
5,Carbon Monoxide,2016-07-12,-45.45
5,Carbon Monoxide,2016-07-13,-45.45
5,Carbon Monoxide,2016-07-14,-45.45
5,Carbon Monoxide,2016-07-15,-27.27
5,Carbon Monoxide,2016-07-16,-54.55
5,Carbon Monoxide,2016-07-17,-27.27
5,Carbon Monoxide,2016-07-18,63.64
5,Carbon Monoxide,2016-07-19,-36.36
5,Carbon Monoxide,2016-07-20,-36.36
5,Carbon Monoxide,2016-07-21,-36.36
5,Carbon Monoxide,2016-07-22,-36.36
5,Carbon Monoxide,2016-07-23,27.27
5,Carbon Monoxide,2016-07-24,-45.45
5,Carbon Monoxide,2016-07-25,-45.45
5,Carbon Monoxide,2016-07-26,-36.36
5,Carbon Monoxide,2016-07-27,-18.18
5,Carbon Monoxide,2016-07-28,-27.27
5,Carbon Monoxide,2016-07-29,-36.36
5,Carbon Monoxide,2016-07-30,-54.55
5,Carbon Monoxide,2016-07-31,-27.27
5,Carbon Monoxide,2016-08-01,0.00
5,Carbon Monoxide,2016-08-02,0.00
5,Carbon Monoxide,2016-08-03,-36.36
5,Carbon Monoxide,2016-08-04,-45.45
5,Carbon Monoxide,2016-08-05,-18.18
5,Carbon Monoxide,2016-08-06,-45.45
5,Carbon Monoxide,2016-08-07,-54.55
5,Carbon Monoxide,2016-08-08,-27.27
5,Carbon Monoxide,2016-08-09,-45.45
5,Carbon Monoxide,2016-08-10,-9.09
5,Carbon Monoxide,2016-08-11,-9.09
5,Carbon Monoxide,2016-08-12,-54.55
5,Carbon Monoxide,2016-08-13,-36.36
5,Carbon Monoxide,2016-08-14,-45.45
5,Carbon Monoxide,2016-08-15,-18.18
5,Carbon Monoxide,2016-08-16,-36.36
5,Carbon Monoxide,2016-08-17,-9.09
5,Carbon Monoxide,2016-08-18,-9.09
5,Carbon Monoxide,2016-08-19,-27.27
5,Carbon Monoxide,2016-08-20,-54.55
5,Carbon Monoxide,2016-08-21,-45.45
5,Carbon Monoxide,2016-08-22,-45.45
5,Carbon Monoxide,2016-08-23,-36.36
5,Carbon Monoxide,2016-08-24,-27.27
5,Carbon Monoxide,2016-08-25,18.18
5,Carbon Monoxide,2016-08-26,9.09
5,Carbon Monoxide,2016-08-27,27.27
5,Carbon Monoxide,2016-08-28,-36.36
5,Carbon Monoxide,2016-08-29,-27.27
5,Carbon Monoxide,2016-08-30,0.01
5,Carbon Monoxide,2016-08-31,-27.27
5,Carbon Monoxide,2016-09-01,-45.45
5,Carbon Monoxide,2016-09-02,-45.45
5,Carbon Monoxide,2016-09-03,-27.27
5,Carbon Monoxide,2016-09-04,-54.55
5,Carbon Monoxide,2016-09-05,-18.18
5,Carbon Monoxide,2016-09-06,-45.45
5,Carbon Monoxide,2016-09-07,0.00
5,Carbon Monoxide,2016-09-08,0.00
5,Carbon Monoxide,2016-09-09,-36.36
5,Carbon Monoxide,2016-09-10,-18.18
5,Carbon Monoxide,2016-09-11,-36.36
5,Carbon Monoxide,2016-09-12,-27.27
5,Carbon Monoxide,2016-09-13,-27.27
5,Carbon Monoxide,2016-09-14,-9.09
5,Carbon Monoxide,2016-09-15,0.01
5,Carbon Monoxide,2016-09-16,-45.45
5,Carbon Monoxide,2016-09-17,-18.18
5,Carbon Monoxide,2016-09-18,-36.36
5,Carbon Monoxide,2016-09-19,-27.27
5,Carbon Monoxide,2016-09-20,0.01
5,Carbon Monoxide,2016-09-21,18.18
5,Carbon Monoxide,2016-09-22,0.01
5,Carbon Monoxide,2016-09-23,-18.18
5,Carbon Monoxide,2016-09-24,-18.18
5,Carbon Monoxide,2016-09-25,-45.45
5,Carbon Monoxide,2016-09-26,-36.36
5,Carbon Monoxide,2016-09-27,-36.36
5,Carbon Monoxide,2016-09-28,-27.27
5,Carbon Monoxide,2016-09-29,-45.45
5,Carbon Monoxide,2016-09-30,9.09
5,Carbon Monoxide,2016-10-01,-9.09
5,Carbon Monoxide,2016-10-02,54.55
5,Carbon Monoxide,2016-10-03,-18.18
5,Carbon Monoxide,2016-10-04,-27.27
5,Carbon Monoxide,2016-10-05,-27.27
5,Carbon Monoxide,2016-10-06,-9.09
5,Carbon Monoxide,2016-10-07,18.18
5,Carbon Monoxide,2016-10-08,-45.45
5,Carbon Monoxide,2016-10-09,-9.09
5,Carbon Monoxide,2016-10-10,9.09
5,Carbon Monoxide,2016-10-11,9.09
5,Carbon Monoxide,2016-10-12,-9.09
5,Carbon Monoxide,2016-10-13,27.27
5,Carbon Monoxide,2016-10-14,18.18
5,Carbon Monoxide,2016-10-15,27.27
5,Carbon Monoxide,2016-10-16,-27.27
5,Carbon Monoxide,2016-10-17,-18.18
5,Carbon Monoxide,2016-10-18,-27.27
5,Carbon Monoxide,2016-10-19,36.36
5,Carbon Monoxide,2016-10-20,54.55
5,Carbon Monoxide,2016-10-21,72.73
5,Carbon Monoxide,2016-10-22,63.64
5,Carbon Monoxide,2016-10-23,-36.36
5,Carbon Monoxide,2016-10-24,18.18
5,Carbon Monoxide,2016-10-25,27.27
5,Carbon Monoxide,2016-10-26,27.27
5,Carbon Monoxide,2016-10-27,27.27
5,Carbon Monoxide,2016-10-28,0.01
5,Carbon Monoxide,2016-10-29,-18.18
5,Carbon Monoxide,2016-10-30,9.09
5,Carbon Monoxide,2016-10-31,100.00
5,Carbon Monoxide,2016-11-01,27.27
5,Carbon Monoxide,2016-11-02,181.82
5,Carbon Monoxide,2016-11-03,81.82
5,Carbon Monoxide,2016-11-04,45.45
5,Carbon Monoxide,2016-11-05,72.73
5,Carbon Monoxide,2016-11-06,0.01
5,Carbon Monoxide,2016-11-07,-9.09
5,Carbon Monoxide,2016-11-08,0.01
5,Carbon Monoxide,2016-11-09,18.18
5,Carbon Monoxide,2016-11-10,81.82
5,Carbon Monoxide,2016-11-11,36.36
5,Carbon Monoxide,2016-11-12,-9.09
5,Carbon Monoxide,2016-11-13,45.45
5,Carbon Monoxide,2016-11-14,-27.27
5,Carbon Monoxide,2016-11-15,-27.27
5,Carbon Monoxide,2016-11-16,18.18
5,Carbon Monoxide,2016-11-17,-18.18
5,Carbon Monoxide,2016-11-18,27.27
5,Carbon Monoxide,2016-11-19,54.55
5,Carbon Monoxide,2016-11-20,9.09
5,Carbon Monoxide,2016-11-21,18.18
5,Carbon Monoxide,2016-11-22,45.45
5,Carbon Monoxide,2016-11-23,-27.27
5,Carbon Monoxide,2016-11-24,-18.18
5,Carbon Monoxide,2016-11-25,36.36
5,Carbon Monoxide,2016-11-26,0.01
5,Carbon Monoxide,2016-11-27,0.01
5,Carbon Monoxide,2016-11-28,27.27
5,Carbon Monoxide,2016-11-29,45.45
5,Carbon Monoxide,2016-11-30,345.45
5,Carbon Monoxide,2016-12-01,145.45
5,Carbon Monoxide,2016-12-02,209.09
5,Carbon Monoxide,2016-12-03,0.01
5,Carbon Monoxide,2016-12-04,9.09
5,Carbon Monoxide,2016-12-05,18.18
5,Carbon Monoxide,2016-12-06,218.18
5,Carbon Monoxide,2016-12-07,-9.09
5,Carbon Monoxide,2016-12-08,9.09
5,Carbon Monoxide,2016-12-09,0.01
5,Carbon Monoxide,2016-12-10,0.01
5,Carbon Monoxide,2016-12-11,63.64
5,Carbon Monoxide,2016-12-12,54.55
5,Carbon Monoxide,2016-12-13,81.82
5,Carbon Monoxide,2016-12-14,36.36
5,Carbon Monoxide,2016-12-15,18.18
5,Carbon Monoxide,2016-12-16,63.64
5,Carbon Monoxide,2016-12-17,145.45
5,Carbon Monoxide,2016-12-18,63.64
5,Carbon Monoxide,2016-12-19,63.64
5,Carbon Monoxide,2016-12-20,-9.09
5,Carbon Monoxide,2016-12-21,109.09
5,Carbon Monoxide,2016-12-22,154.55
5,Carbon Monoxide,2016-12-23,0.01
5,Carbon Monoxide,2016-12-24,-27.27
5,Carbon Monoxide,2016-12-25,0.01
5,Carbon Monoxide,2016-12-26,90.91
5,Carbon Monoxide,2016-12-27,118.18
5,Carbon Monoxide,2016-12-28,72.73
5,Carbon Monoxide,2016-12-29,218.18
5,Carbon Monoxide,2016-12-30,209.09
5,Carbon Monoxide,2016-12-31,27.27
6,Max Temp,2016-01-01,-32.21
6,Max Temp,2016-01-02,-22.82
6,Max Temp,2016-01-03,-28.86
6,Max Temp,2016-01-04,-34.90
6,Max Temp,2016-01-05,-27.52
6,Max Temp,2016-01-06,-32.21
6,Max Temp,2016-01-07,-40.94
6,Max Temp,2016-01-08,-30.87
6,Max Temp,2016-01-09,-33.56
6,Max Temp,2016-01-10,-53.69
6,Max Temp,2016-01-11,-50.34
6,Max Temp,2016-01-12,-46.98
6,Max Temp,2016-01-13,-48.99
6,Max Temp,2016-01-14,-55.03
6,Max Temp,2016-01-15,-63.09
6,Max Temp,2016-01-16,-65.77
6,Max Temp,2016-01-17,-58.39
6,Max Temp,2016-01-18,-61.07
6,Max Temp,2016-01-19,-62.42
6,Max Temp,2016-01-20,-69.13
6,Max Temp,2016-01-21,-46.98
6,Max Temp,2016-01-22,-13.42
6,Max Temp,2016-01-23,-22.15
6,Max Temp,2016-01-24,-4.70
6,Max Temp,2016-01-25,-2.68
6,Max Temp,2016-01-26,-19.46
6,Max Temp,2016-01-27,-10.74
6,Max Temp,2016-01-28,-30.20
6,Max Temp,2016-01-29,-19.46
6,Max Temp,2016-01-30,-40.94
6,Max Temp,2016-01-31,-22.15
6,Max Temp,2016-02-01,-10.07
6,Max Temp,2016-02-02,-36.24
6,Max Temp,2016-02-03,-34.90
6,Max Temp,2016-02-04,-17.45
6,Max Temp,2016-02-05,-25.50
6,Max Temp,2016-02-06,-26.85
6,Max Temp,2016-02-07,-27.52
6,Max Temp,2016-02-08,-37.58
6,Max Temp,2016-02-09,-45.64
6,Max Temp,2016-02-10,-32.21
6,Max Temp,2016-02-11,-36.91
6,Max Temp,2016-02-12,-44.30
6,Max Temp,2016-02-13,-67.79
6,Max Temp,2016-02-14,-50.34
6,Max Temp,2016-02-15,-53.02
6,Max Temp,2016-02-16,-40.94
6,Max Temp,2016-02-17,-51.01
6,Max Temp,2016-02-18,-39.60
6,Max Temp,2016-02-19,-33.56
6,Max Temp,2016-02-20,-28.19
6,Max Temp,2016-02-21,-23.49
6,Max Temp,2016-02-22,-33.56
6,Max Temp,2016-02-23,-26.85
6,Max Temp,2016-02-24,-46.31
6,Max Temp,2016-02-25,-44.97
6,Max Temp,2016-02-26,-38.93
6,Max Temp,2016-02-27,-48.99
6,Max Temp,2016-02-28,-48.32
6,Max Temp,2016-02-29,-53.69
6,Max Temp,2016-03-01,-30.20
6,Max Temp,2016-03-02,-40.94
6,Max Temp,2016-03-03,-33.56
6,Max Temp,2016-03-04,-48.99
6,Max Temp,2016-03-05,-36.24
6,Max Temp,2016-03-06,-55.03
6,Max Temp,2016-03-07,-34.90
6,Max Temp,2016-03-08,-40.94
6,Max Temp,2016-03-09,-42.28
6,Max Temp,2016-03-10,-29.53
6,Max Temp,2016-03-11,-25.50
6,Max Temp,2016-03-12,-18.12
6,Max Temp,2016-03-13,-16.11
6,Max Temp,2016-03-14,-22.15
6,Max Temp,2016-03-15,-16.78
6,Max Temp,2016-03-16,-17.45
6,Max Temp,2016-03-17,-20.81
6,Max Temp,2016-03-18,-52.35
6,Max Temp,2016-03-19,-44.97
6,Max Temp,2016-03-20,-40.94
6,Max Temp,2016-03-21,-6.71
6,Max Temp,2016-03-22,-35.57
6,Max Temp,2016-03-23,-16.11
6,Max Temp,2016-03-24,-29.53
6,Max Temp,2016-03-25,-6.04
6,Max Temp,2016-03-26,-12.08
6,Max Temp,2016-03-27,-16.78
6,Max Temp,2016-03-28,-24.83
6,Max Temp,2016-03-29,-30.20
6,Max Temp,2016-03-30,-21.48
6,Max Temp,2016-03-31,-9.40
6,Max Temp,2016-04-01,-24.83
6,Max Temp,2016-04-02,-6.71
6,Max Temp,2016-04-03,-13.42
6,Max Temp,2016-04-04,-12.08
6,Max Temp,2016-04-05,-4.70
6,Max Temp,2016-04-06,-20.13
6,Max Temp,2016-04-07,-15.44
6,Max Temp,2016-04-08,-15.44
6,Max Temp,2016-04-09,-30.20
6,Max Temp,2016-04-10,-12.08
6,Max Temp,2016-04-11,-17.45
6,Max Temp,2016-04-12,5.37
6,Max Temp,2016-04-13,13.42
6,Max Temp,2016-04-14,10.74
6,Max Temp,2016-04-15,-10.74
6,Max Temp,2016-04-16,-23.49
6,Max Temp,2016-04-17,-15.44
6,Max Temp,2016-04-18,-16.78
6,Max Temp,2016-04-19,2.01
6,Max Temp,2016-04-20,15.44
6,Max Temp,2016-04-21,2.01
6,Max Temp,2016-04-22,-32.21
6,Max Temp,2016-04-23,-10.07
6,Max Temp,2016-04-24,0.01
6,Max Temp,2016-04-25,-8.05
6,Max Temp,2016-04-26,-22.15
6,Max Temp,2016-04-27,-30.87
6,Max Temp,2016-04-28,-18.12
6,Max Temp,2016-04-29,-24.16
6,Max Temp,2016-04-30,-8.72
6,Max Temp,2016-05-01,-11.41
6,Max Temp,2016-05-02,-6.71
6,Max Temp,2016-05-03,-2.68
6,Max Temp,2016-05-04,13.42
6,Max Temp,2016-05-05,36.24
6,Max Temp,2016-05-06,39.60
6,Max Temp,2016-05-07,47.65
6,Max Temp,2016-05-08,66.44
6,Max Temp,2016-05-09,38.26
6,Max Temp,2016-05-10,8.05
6,Max Temp,2016-05-11,9.40
6,Max Temp,2016-05-12,56.38
6,Max Temp,2016-05-13,33.56
6,Max Temp,2016-05-14,4.03
6,Max Temp,2016-05-15,16.78
6,Max Temp,2016-05-16,22.15
6,Max Temp,2016-05-17,12.08
6,Max Temp,2016-05-18,11.41
6,Max Temp,2016-05-19,12.08
6,Max Temp,2016-05-20,18.79
6,Max Temp,2016-05-21,12.08
6,Max Temp,2016-05-22,13.42
6,Max Temp,2016-05-23,14.09
6,Max Temp,2016-05-24,26.17
6,Max Temp,2016-05-25,-8.05
6,Max Temp,2016-05-26,27.52
6,Max Temp,2016-05-27,38.26
6,Max Temp,2016-05-28,44.30
6,Max Temp,2016-05-29,46.98
6,Max Temp,2016-05-30,42.95
6,Max Temp,2016-05-31,57.72
6,Max Temp,2016-06-01,25.50
6,Max Temp,2016-06-02,31.54
6,Max Temp,2016-06-03,35.57
6,Max Temp,2016-06-04,44.30
6,Max Temp,2016-06-05,63.09
6,Max Temp,2016-06-06,71.81
6,Max Temp,2016-06-07,51.01
6,Max Temp,2016-06-08,63.76
6,Max Temp,2016-06-09,44.30
6,Max Temp,2016-06-10,38.93
6,Max Temp,2016-06-11,38.26
6,Max Temp,2016-06-12,34.23
6,Max Temp,2016-06-13,26.17
6,Max Temp,2016-06-14,10.74
6,Max Temp,2016-06-15,20.13
6,Max Temp,2016-06-16,31.54
6,Max Temp,2016-06-17,30.87
6,Max Temp,2016-06-18,21.48
6,Max Temp,2016-06-19,14.77
6,Max Temp,2016-06-20,31.54
6,Max Temp,2016-06-21,35.57
6,Max Temp,2016-06-22,35.57
6,Max Temp,2016-06-23,44.97
6,Max Temp,2016-06-24,30.20
6,Max Temp,2016-06-25,36.24
6,Max Temp,2016-06-26,6.71
6,Max Temp,2016-06-27,28.19
6,Max Temp,2016-06-28,14.09
6,Max Temp,2016-06-29,8.72
6,Max Temp,2016-06-30,24.83
6,Max Temp,2016-07-01,17.45
6,Max Temp,2016-07-02,22.82
6,Max Temp,2016-07-03,40.27
6,Max Temp,2016-07-04,27.52
6,Max Temp,2016-07-05,38.26
6,Max Temp,2016-07-06,34.23
6,Max Temp,2016-07-07,38.93
6,Max Temp,2016-07-08,33.56
6,Max Temp,2016-07-09,63.09
6,Max Temp,2016-07-10,45.64
6,Max Temp,2016-07-11,30.87
6,Max Temp,2016-07-12,32.89
6,Max Temp,2016-07-13,26.17
6,Max Temp,2016-07-14,36.91
6,Max Temp,2016-07-15,18.79
6,Max Temp,2016-07-16,20.13
6,Max Temp,2016-07-17,42.28
6,Max Temp,2016-07-18,92.62
6,Max Temp,2016-07-19,117.45
6,Max Temp,2016-07-20,63.09
6,Max Temp,2016-07-21,44.30
6,Max Temp,2016-07-22,69.13
6,Max Temp,2016-07-23,53.69
6,Max Temp,2016-07-24,30.20
6,Max Temp,2016-07-25,40.94
6,Max Temp,2016-07-26,32.21
6,Max Temp,2016-07-27,53.69
6,Max Temp,2016-07-28,38.93
6,Max Temp,2016-07-29,43.62
6,Max Temp,2016-07-30,42.28
6,Max Temp,2016-07-31,41.61
6,Max Temp,2016-08-01,12.08
6,Max Temp,2016-08-02,29.53
6,Max Temp,2016-08-03,38.26
6,Max Temp,2016-08-04,34.23
6,Max Temp,2016-08-05,40.27
6,Max Temp,2016-08-06,55.70
6,Max Temp,2016-08-07,38.26
6,Max Temp,2016-08-08,30.20
6,Max Temp,2016-08-09,30.87
6,Max Temp,2016-08-10,34.90
6,Max Temp,2016-08-11,29.53
6,Max Temp,2016-08-12,32.89
6,Max Temp,2016-08-13,47.65
6,Max Temp,2016-08-14,37.58
6,Max Temp,2016-08-15,68.46
6,Max Temp,2016-08-16,72.48
6,Max Temp,2016-08-17,63.76
6,Max Temp,2016-08-18,59.73
6,Max Temp,2016-08-19,51.68
6,Max Temp,2016-08-20,20.81
6,Max Temp,2016-08-21,28.86
6,Max Temp,2016-08-22,45.64
6,Max Temp,2016-08-23,87.92
6,Max Temp,2016-08-24,59.06
6,Max Temp,2016-08-25,36.91
6,Max Temp,2016-08-26,44.30
6,Max Temp,2016-08-27,43.62
6,Max Temp,2016-08-28,53.02
6,Max Temp,2016-08-29,53.02
6,Max Temp,2016-08-30,63.76
6,Max Temp,2016-08-31,44.97
6,Max Temp,2016-09-01,38.26
6,Max Temp,2016-09-02,36.24
6,Max Temp,2016-09-03,24.16
6,Max Temp,2016-09-04,23.49
6,Max Temp,2016-09-05,30.20
6,Max Temp,2016-09-06,58.39
6,Max Temp,2016-09-07,63.09
6,Max Temp,2016-09-08,34.90
6,Max Temp,2016-09-09,47.65
6,Max Temp,2016-09-10,26.85
6,Max Temp,2016-09-11,34.90
6,Max Temp,2016-09-12,42.95
6,Max Temp,2016-09-13,40.94
6,Max Temp,2016-09-14,65.77
6,Max Temp,2016-09-15,75.17
6,Max Temp,2016-09-16,24.16
6,Max Temp,2016-09-17,43.62
6,Max Temp,2016-09-18,33.56
6,Max Temp,2016-09-19,18.12
6,Max Temp,2016-09-20,28.19
6,Max Temp,2016-09-21,31.54
6,Max Temp,2016-09-22,16.11
6,Max Temp,2016-09-23,30.87
6,Max Temp,2016-09-24,34.23
6,Max Temp,2016-09-25,18.79
6,Max Temp,2016-09-26,6.04
6,Max Temp,2016-09-27,28.86
6,Max Temp,2016-09-28,22.82
6,Max Temp,2016-09-29,18.79
6,Max Temp,2016-09-30,19.46
6,Max Temp,2016-10-01,-0.67
6,Max Temp,2016-10-02,14.77
6,Max Temp,2016-10-03,24.16
6,Max Temp,2016-10-04,24.83
6,Max Temp,2016-10-05,23.49
6,Max Temp,2016-10-06,4.03
6,Max Temp,2016-10-07,-1.34
6,Max Temp,2016-10-08,2.68
6,Max Temp,2016-10-09,4.70
6,Max Temp,2016-10-10,-0.67
6,Max Temp,2016-10-11,2.01
6,Max Temp,2016-10-12,8.05
6,Max Temp,2016-10-13,-10.74
6,Max Temp,2016-10-14,-2.68
6,Max Temp,2016-10-15,2.01
6,Max Temp,2016-10-16,16.11
6,Max Temp,2016-10-17,10.07
6,Max Temp,2016-10-18,-8.05
6,Max Temp,2016-10-19,6.04
6,Max Temp,2016-10-20,-9.40
6,Max Temp,2016-10-21,0.01
6,Max Temp,2016-10-22,-26.17
6,Max Temp,2016-10-23,-10.07
6,Max Temp,2016-10-24,-31.54
6,Max Temp,2016-10-25,-15.44
6,Max Temp,2016-10-26,-2.01
6,Max Temp,2016-10-27,1.34
6,Max Temp,2016-10-28,0.01
6,Max Temp,2016-10-29,-13.42
6,Max Temp,2016-10-30,-2.01
6,Max Temp,2016-10-31,2.68
6,Max Temp,2016-11-01,-10.74
6,Max Temp,2016-11-02,-16.11
6,Max Temp,2016-11-03,-17.45
6,Max Temp,2016-11-04,-22.82
6,Max Temp,2016-11-05,-32.21
6,Max Temp,2016-11-06,-32.89
6,Max Temp,2016-11-07,-32.21
6,Max Temp,2016-11-08,-43.62
6,Max Temp,2016-11-09,-21.48
6,Max Temp,2016-11-10,-17.45
6,Max Temp,2016-11-11,-28.86
6,Max Temp,2016-11-12,-10.74
6,Max Temp,2016-11-13,-7.38
6,Max Temp,2016-11-14,-9.40
6,Max Temp,2016-11-15,-6.04
6,Max Temp,2016-11-16,-10.74
6,Max Temp,2016-11-17,-21.48
6,Max Temp,2016-11-18,-40.27
6,Max Temp,2016-11-19,-57.05
6,Max Temp,2016-11-20,-40.27
6,Max Temp,2016-11-21,-45.64
6,Max Temp,2016-11-22,-51.68
6,Max Temp,2016-11-23,-42.95
6,Max Temp,2016-11-24,-38.93
6,Max Temp,2016-11-25,-32.89
6,Max Temp,2016-11-26,-45.64
6,Max Temp,2016-11-27,-42.28
6,Max Temp,2016-11-28,-36.24
6,Max Temp,2016-11-29,-59.06
6,Max Temp,2016-11-30,-51.68
6,Max Temp,2016-12-01,-72.48
6,Max Temp,2016-12-02,-63.09
6,Max Temp,2016-12-03,-45.64
6,Max Temp,2016-12-04,-52.35
6,Max Temp,2016-12-05,-61.74
6,Max Temp,2016-12-06,-34.23
6,Max Temp,2016-12-07,-2.01
6,Max Temp,2016-12-08,-10.07
6,Max Temp,2016-12-09,-6.04
6,Max Temp,2016-12-10,-29.53
6,Max Temp,2016-12-11,-28.19
6,Max Temp,2016-12-12,-32.21
6,Max Temp,2016-12-13,-18.12
6,Max Temp,2016-12-14,-26.17
6,Max Temp,2016-12-15,-22.82
6,Max Temp,2016-12-16,-18.79
6,Max Temp,2016-12-17,-38.93
6,Max Temp,2016-12-18,-51.01
6,Max Temp,2016-12-19,-45.64
6,Max Temp,2016-12-20,-51.68
6,Max Temp,2016-12-21,-24.83
6,Max Temp,2016-12-22,-29.53
6,Max Temp,2016-12-23,-19.46
6,Max Temp,2016-12-24,-26.85
6,Max Temp,2016-12-25,-5.37
6,Max Temp,2016-12-26,-40.94
6,Max Temp,2016-12-27,-71.81
6,Max Temp,2016-12-28,-51.01
6,Max Temp,2016-12-29,-60.40
6,Max Temp,2016-12-30,-55.03
6,Max Temp,2016-12-31,-42.95
7,Av Baseline,2016-01-01,0.01
7,Av Baseline,2016-01-02,0.01
7,Av Baseline,2016-01-03,0.01
7,Av Baseline,2016-01-04,0.01
7,Av Baseline,2016-01-05,0.01
7,Av Baseline,2016-01-06,0.01
7,Av Baseline,2016-01-07,0.01
7,Av Baseline,2016-01-08,0.01
7,Av Baseline,2016-01-09,0.01
7,Av Baseline,2016-01-10,0.01
7,Av Baseline,2016-01-11,0.01
7,Av Baseline,2016-01-12,0.01
7,Av Baseline,2016-01-13,0.01
7,Av Baseline,2016-01-14,0.01
7,Av Baseline,2016-01-15,0.01
7,Av Baseline,2016-01-16,0.01
7,Av Baseline,2016-01-17,0.01
7,Av Baseline,2016-01-18,0.01
7,Av Baseline,2016-01-19,0.01
7,Av Baseline,2016-01-20,0.01
7,Av Baseline,2016-01-21,0.01
7,Av Baseline,2016-01-22,0.01
7,Av Baseline,2016-01-23,0.01
7,Av Baseline,2016-01-24,0.01
7,Av Baseline,2016-01-25,0.01
7,Av Baseline,2016-01-26,0.01
7,Av Baseline,2016-01-27,0.01
7,Av Baseline,2016-01-28,0.01
7,Av Baseline,2016-01-29,0.01
7,Av Baseline,2016-01-30,0.01
7,Av Baseline,2016-01-31,0.01
7,Av Baseline,2016-02-01,0.01
7,Av Baseline,2016-02-02,0.01
7,Av Baseline,2016-02-03,0.01
7,Av Baseline,2016-02-04,0.01
7,Av Baseline,2016-02-05,0.01
7,Av Baseline,2016-02-06,0.01
7,Av Baseline,2016-02-07,0.01
7,Av Baseline,2016-02-08,0.01
7,Av Baseline,2016-02-09,0.01
7,Av Baseline,2016-02-10,0.01
7,Av Baseline,2016-02-11,0.01
7,Av Baseline,2016-02-12,0.01
7,Av Baseline,2016-02-13,0.01
7,Av Baseline,2016-02-14,0.01
7,Av Baseline,2016-02-15,0.01
7,Av Baseline,2016-02-16,0.01
7,Av Baseline,2016-02-17,0.01
7,Av Baseline,2016-02-18,0.01
7,Av Baseline,2016-02-19,0.01
7,Av Baseline,2016-02-20,0.01
7,Av Baseline,2016-02-21,0.01
7,Av Baseline,2016-02-22,0.01
7,Av Baseline,2016-02-23,0.01
7,Av Baseline,2016-02-24,0.01
7,Av Baseline,2016-02-25,0.01
7,Av Baseline,2016-02-26,0.01
7,Av Baseline,2016-02-27,0.01
7,Av Baseline,2016-02-28,0.01
7,Av Baseline,2016-02-29,0.01
7,Av Baseline,2016-03-01,0.01
7,Av Baseline,2016-03-02,0.01
7,Av Baseline,2016-03-03,0.01
7,Av Baseline,2016-03-04,0.01
7,Av Baseline,2016-03-05,0.01
7,Av Baseline,2016-03-06,0.01
7,Av Baseline,2016-03-07,0.01
7,Av Baseline,2016-03-08,0.01
7,Av Baseline,2016-03-09,0.01
7,Av Baseline,2016-03-10,0.01
7,Av Baseline,2016-03-11,0.01
7,Av Baseline,2016-03-12,0.01
7,Av Baseline,2016-03-13,0.01
7,Av Baseline,2016-03-14,0.01
7,Av Baseline,2016-03-15,0.01
7,Av Baseline,2016-03-16,0.01
7,Av Baseline,2016-03-17,0.01
7,Av Baseline,2016-03-18,0.01
7,Av Baseline,2016-03-19,0.01
7,Av Baseline,2016-03-20,0.01
7,Av Baseline,2016-03-21,0.01
7,Av Baseline,2016-03-22,0.01
7,Av Baseline,2016-03-23,0.01
7,Av Baseline,2016-03-24,0.01
7,Av Baseline,2016-03-25,0.01
7,Av Baseline,2016-03-26,0.01
7,Av Baseline,2016-03-27,0.01
7,Av Baseline,2016-03-28,0.01
7,Av Baseline,2016-03-29,0.01
7,Av Baseline,2016-03-30,0.01
7,Av Baseline,2016-03-31,0.01
7,Av Baseline,2016-04-01,0.01
7,Av Baseline,2016-04-02,0.01
7,Av Baseline,2016-04-03,0.01
7,Av Baseline,2016-04-04,0.01
7,Av Baseline,2016-04-05,0.01
7,Av Baseline,2016-04-06,0.01
7,Av Baseline,2016-04-07,0.01
7,Av Baseline,2016-04-08,0.01
7,Av Baseline,2016-04-09,0.01
7,Av Baseline,2016-04-10,0.01
7,Av Baseline,2016-04-11,0.01
7,Av Baseline,2016-04-12,0.01
7,Av Baseline,2016-04-13,0.01
7,Av Baseline,2016-04-14,0.01
7,Av Baseline,2016-04-15,0.01
7,Av Baseline,2016-04-16,0.01
7,Av Baseline,2016-04-17,0.01
7,Av Baseline,2016-04-18,0.01
7,Av Baseline,2016-04-19,0.01
7,Av Baseline,2016-04-20,0.01
7,Av Baseline,2016-04-21,0.01
7,Av Baseline,2016-04-22,0.01
7,Av Baseline,2016-04-23,0.01
7,Av Baseline,2016-04-24,0.01
7,Av Baseline,2016-04-25,0.01
7,Av Baseline,2016-04-26,0.01
7,Av Baseline,2016-04-27,0.01
7,Av Baseline,2016-04-28,0.01
7,Av Baseline,2016-04-29,0.01
7,Av Baseline,2016-04-30,0.01
7,Av Baseline,2016-05-01,0.01
7,Av Baseline,2016-05-02,0.01
7,Av Baseline,2016-05-03,0.01
7,Av Baseline,2016-05-04,0.01
7,Av Baseline,2016-05-05,0.01
7,Av Baseline,2016-05-06,0.01
7,Av Baseline,2016-05-07,0.01
7,Av Baseline,2016-05-08,0.01
7,Av Baseline,2016-05-09,0.01
7,Av Baseline,2016-05-10,0.01
7,Av Baseline,2016-05-11,0.01
7,Av Baseline,2016-05-12,0.01
7,Av Baseline,2016-05-13,0.01
7,Av Baseline,2016-05-14,0.01
7,Av Baseline,2016-05-15,0.01
7,Av Baseline,2016-05-16,0.01
7,Av Baseline,2016-05-17,0.01
7,Av Baseline,2016-05-18,0.01
7,Av Baseline,2016-05-19,0.01
7,Av Baseline,2016-05-20,0.01
7,Av Baseline,2016-05-21,0.01
7,Av Baseline,2016-05-22,0.01
7,Av Baseline,2016-05-23,0.01
7,Av Baseline,2016-05-24,0.01
7,Av Baseline,2016-05-25,0.01
7,Av Baseline,2016-05-26,0.01
7,Av Baseline,2016-05-27,0.01
7,Av Baseline,2016-05-28,0.01
7,Av Baseline,2016-05-29,0.01
7,Av Baseline,2016-05-30,0.01
7,Av Baseline,2016-05-31,0.01
7,Av Baseline,2016-06-01,0.01
7,Av Baseline,2016-06-02,0.01
7,Av Baseline,2016-06-03,0.01
7,Av Baseline,2016-06-04,0.01
7,Av Baseline,2016-06-05,0.01
7,Av Baseline,2016-06-06,0.01
7,Av Baseline,2016-06-07,0.01
7,Av Baseline,2016-06-08,0.01
7,Av Baseline,2016-06-09,0.01
7,Av Baseline,2016-06-10,0.01
7,Av Baseline,2016-06-11,0.01
7,Av Baseline,2016-06-12,0.01
7,Av Baseline,2016-06-13,0.01
7,Av Baseline,2016-06-14,0.01
7,Av Baseline,2016-06-15,0.01
7,Av Baseline,2016-06-16,0.01
7,Av Baseline,2016-06-17,0.01
7,Av Baseline,2016-06-18,0.01
7,Av Baseline,2016-06-19,0.01
7,Av Baseline,2016-06-20,0.01
7,Av Baseline,2016-06-21,0.01
7,Av Baseline,2016-06-22,0.01
7,Av Baseline,2016-06-23,0.01
7,Av Baseline,2016-06-24,0.01
7,Av Baseline,2016-06-25,0.01
7,Av Baseline,2016-06-26,0.01
7,Av Baseline,2016-06-27,0.01
7,Av Baseline,2016-06-28,0.01
7,Av Baseline,2016-06-29,0.01
7,Av Baseline,2016-06-30,0.01
7,Av Baseline,2016-07-01,0.01
7,Av Baseline,2016-07-02,0.01
7,Av Baseline,2016-07-03,0.01
7,Av Baseline,2016-07-04,0.01
7,Av Baseline,2016-07-05,0.01
7,Av Baseline,2016-07-06,0.01
7,Av Baseline,2016-07-07,0.01
7,Av Baseline,2016-07-08,0.01
7,Av Baseline,2016-07-09,0.01
7,Av Baseline,2016-07-10,0.01
7,Av Baseline,2016-07-11,0.01
7,Av Baseline,2016-07-12,0.01
7,Av Baseline,2016-07-13,0.01
7,Av Baseline,2016-07-14,0.01
7,Av Baseline,2016-07-15,0.01
7,Av Baseline,2016-07-16,0.01
7,Av Baseline,2016-07-17,0.01
7,Av Baseline,2016-07-18,0.01
7,Av Baseline,2016-07-19,0.01
7,Av Baseline,2016-07-20,0.01
7,Av Baseline,2016-07-21,0.01
7,Av Baseline,2016-07-22,0.01
7,Av Baseline,2016-07-23,0.01
7,Av Baseline,2016-07-24,0.01
7,Av Baseline,2016-07-25,0.01
7,Av Baseline,2016-07-26,0.01
7,Av Baseline,2016-07-27,0.01
7,Av Baseline,2016-07-28,0.01
7,Av Baseline,2016-07-29,0.01
7,Av Baseline,2016-07-30,0.01
7,Av Baseline,2016-07-31,0.01
7,Av Baseline,2016-08-01,0.01
7,Av Baseline,2016-08-02,0.01
7,Av Baseline,2016-08-03,0.01
7,Av Baseline,2016-08-04,0.01
7,Av Baseline,2016-08-05,0.01
7,Av Baseline,2016-08-06,0.01
7,Av Baseline,2016-08-07,0.01
7,Av Baseline,2016-08-08,0.01
7,Av Baseline,2016-08-09,0.01
7,Av Baseline,2016-08-10,0.01
7,Av Baseline,2016-08-11,0.01
7,Av Baseline,2016-08-12,0.01
7,Av Baseline,2016-08-13,0.01
7,Av Baseline,2016-08-14,0.01
7,Av Baseline,2016-08-15,0.01
7,Av Baseline,2016-08-16,0.01
7,Av Baseline,2016-08-17,0.01
7,Av Baseline,2016-08-18,0.01
7,Av Baseline,2016-08-19,0.01
7,Av Baseline,2016-08-20,0.01
7,Av Baseline,2016-08-21,0.01
7,Av Baseline,2016-08-22,0.01
7,Av Baseline,2016-08-23,0.01
7,Av Baseline,2016-08-24,0.01
7,Av Baseline,2016-08-25,0.01
7,Av Baseline,2016-08-26,0.01
7,Av Baseline,2016-08-27,0.01
7,Av Baseline,2016-08-28,0.01
7,Av Baseline,2016-08-29,0.01
7,Av Baseline,2016-08-30,0.01
7,Av Baseline,2016-08-31,0.01
7,Av Baseline,2016-09-01,0.01
7,Av Baseline,2016-09-02,0.01
7,Av Baseline,2016-09-03,0.01
7,Av Baseline,2016-09-04,0.01
7,Av Baseline,2016-09-05,0.01
7,Av Baseline,2016-09-06,0.01
7,Av Baseline,2016-09-07,0.01
7,Av Baseline,2016-09-08,0.01
7,Av Baseline,2016-09-09,0.01
7,Av Baseline,2016-09-10,0.01
7,Av Baseline,2016-09-11,0.01
7,Av Baseline,2016-09-12,0.01
7,Av Baseline,2016-09-13,0.01
7,Av Baseline,2016-09-14,0.01
7,Av Baseline,2016-09-15,0.01
7,Av Baseline,2016-09-16,0.01
7,Av Baseline,2016-09-17,0.01
7,Av Baseline,2016-09-18,0.01
7,Av Baseline,2016-09-19,0.01
7,Av Baseline,2016-09-20,0.01
7,Av Baseline,2016-09-21,0.01
7,Av Baseline,2016-09-22,0.01
7,Av Baseline,2016-09-23,0.01
7,Av Baseline,2016-09-24,0.01
7,Av Baseline,2016-09-25,0.01
7,Av Baseline,2016-09-26,0.01
7,Av Baseline,2016-09-27,0.01
7,Av Baseline,2016-09-28,0.01
7,Av Baseline,2016-09-29,0.01
7,Av Baseline,2016-09-30,0.01
7,Av Baseline,2016-10-01,0.01
7,Av Baseline,2016-10-02,0.01
7,Av Baseline,2016-10-03,0.01
7,Av Baseline,2016-10-04,0.01
7,Av Baseline,2016-10-05,0.01
7,Av Baseline,2016-10-06,0.01
7,Av Baseline,2016-10-07,0.01
7,Av Baseline,2016-10-08,0.01
7,Av Baseline,2016-10-09,0.01
7,Av Baseline,2016-10-10,0.01
7,Av Baseline,2016-10-11,0.01
7,Av Baseline,2016-10-12,0.01
7,Av Baseline,2016-10-13,0.01
7,Av Baseline,2016-10-14,0.01
7,Av Baseline,2016-10-15,0.01
7,Av Baseline,2016-10-16,0.01
7,Av Baseline,2016-10-17,0.01
7,Av Baseline,2016-10-18,0.01
7,Av Baseline,2016-10-19,0.01
7,Av Baseline,2016-10-20,0.01
7,Av Baseline,2016-10-21,0.01
7,Av Baseline,2016-10-22,0.01
7,Av Baseline,2016-10-23,0.01
7,Av Baseline,2016-10-24,0.01
7,Av Baseline,2016-10-25,0.01
7,Av Baseline,2016-10-26,0.01
7,Av Baseline,2016-10-27,0.01
7,Av Baseline,2016-10-28,0.01
7,Av Baseline,2016-10-29,0.01
7,Av Baseline,2016-10-30,0.01
7,Av Baseline,2016-10-31,0.01
7,Av Baseline,2016-11-01,0.01
7,Av Baseline,2016-11-02,0.01
7,Av Baseline,2016-11-03,0.01
7,Av Baseline,2016-11-04,0.01
7,Av Baseline,2016-11-05,0.01
7,Av Baseline,2016-11-06,0.01
7,Av Baseline,2016-11-07,0.01
7,Av Baseline,2016-11-08,0.01
7,Av Baseline,2016-11-09,0.01
7,Av Baseline,2016-11-10,0.01
7,Av Baseline,2016-11-11,0.01
7,Av Baseline,2016-11-12,0.01
7,Av Baseline,2016-11-13,0.01
7,Av Baseline,2016-11-14,0.01
7,Av Baseline,2016-11-15,0.01
7,Av Baseline,2016-11-16,0.01
7,Av Baseline,2016-11-17,0.01
7,Av Baseline,2016-11-18,0.01
7,Av Baseline,2016-11-19,0.01
7,Av Baseline,2016-11-20,0.01
7,Av Baseline,2016-11-21,0.01
7,Av Baseline,2016-11-22,0.01
7,Av Baseline,2016-11-23,0.01
7,Av Baseline,2016-11-24,0.01
7,Av Baseline,2016-11-25,0.01
7,Av Baseline,2016-11-26,0.01
7,Av Baseline,2016-11-27,0.01
7,Av Baseline,2016-11-28,0.01
7,Av Baseline,2016-11-29,0.01
7,Av Baseline,2016-11-30,0.01
7,Av Baseline,2016-12-01,0.01
7,Av Baseline,2016-12-02,0.01
7,Av Baseline,2016-12-03,0.01
7,Av Baseline,2016-12-04,0.01
7,Av Baseline,2016-12-05,0.01
7,Av Baseline,2016-12-06,0.01
7,Av Baseline,2016-12-07,0.01
7,Av Baseline,2016-12-08,0.01
7,Av Baseline,2016-12-09,0.01
7,Av Baseline,2016-12-10,0.01
7,Av Baseline,2016-12-11,0.01
7,Av Baseline,2016-12-12,0.01
7,Av Baseline,2016-12-13,0.01
7,Av Baseline,2016-12-14,0.01
7,Av Baseline,2016-12-15,0.01
7,Av Baseline,2016-12-16,0.01
7,Av Baseline,2016-12-17,0.01
7,Av Baseline,2016-12-18,0.01
7,Av Baseline,2016-12-19,0.01
7,Av Baseline,2016-12-20,0.01
7,Av Baseline,2016-12-21,0.01
7,Av Baseline,2016-12-22,0.01
7,Av Baseline,2016-12-23,0.01
7,Av Baseline,2016-12-24,0.01
7,Av Baseline,2016-12-25,0.01
7,Av Baseline,2016-12-26,0.01
7,Av Baseline,2016-12-27,0.01
7,Av Baseline,2016-12-28,0.01
7,Av Baseline,2016-12-29,0.01
7,Av Baseline,2016-12-30,0.01
7,Av Baseline,2016-12-31,0.01
