typeId,typeName,date,level
1,Ozone,2016-01-01,47
1,Ozone,2016-01-02,50
1,Ozone,2016-01-03,65
1,Ozone,2016-01-04,53
1,Ozone,2016-01-05,27
1,Ozone,2016-01-06,24
1,Ozone,2016-01-07,54
1,Ozone,2016-01-08,43
1,Ozone,2016-01-09,65
1,Ozone,2016-01-10,65
1,Ozone,2016-01-11,33
1,Ozone,2016-01-12,55
1,Ozone,2016-01-13,46
1,Ozone,2016-01-14,42
1,Ozone,2016-01-15,44
1,Ozone,2016-01-16,10
1,Ozone,2016-01-17,17
1,Ozone,2016-01-18,49
1,Ozone,2016-01-19,12
1,Ozone,2016-01-20,4
1,Ozone,2016-01-21,25
1,Ozone,2016-01-22,53
1,Ozone,2016-01-23,50
1,Ozone,2016-01-24,31
1,Ozone,2016-01-25,53
1,Ozone,2016-01-26,72
1,Ozone,2016-01-27,65
1,Ozone,2016-01-28,47
1,Ozone,2016-01-29,74
1,Ozone,2016-01-30,68
1,Ozone,2016-01-31,73
1,Ozone,2016-02-01,88
1,Ozone,2016-02-02,70
1,Ozone,2016-02-03,0
1,Ozone,2016-02-04,0
1,Ozone,2016-02-05,57
1,Ozone,2016-02-06,64
1,Ozone,2016-02-07,65
1,Ozone,2016-02-08,75
1,Ozone,2016-02-09,54
1,Ozone,2016-02-10,37
1,Ozone,2016-02-11,17
1,Ozone,2016-02-12,36
1,Ozone,2016-02-13,31
1,Ozone,2016-02-14,47
1,Ozone,2016-02-15,37
1,Ozone,2016-02-16,32
1,Ozone,2016-02-17,48
1,Ozone,2016-02-18,31
1,Ozone,2016-02-19,41
1,Ozone,2016-02-20,70
1,Ozone,2016-02-21,74
1,Ozone,2016-02-22,49
1,Ozone,2016-02-23,28
1,Ozone,2016-02-24,33
1,Ozone,2016-02-25,30
1,Ozone,2016-02-26,29
1,Ozone,2016-02-27,40
1,Ozone,2016-02-28,49
1,Ozone,2016-02-29,39
1,Ozone,2016-03-01,61
1,Ozone,2016-03-02,64
1,Ozone,2016-03-03,58
1,Ozone,2016-03-04,45
1,Ozone,2016-03-05,50
1,Ozone,2016-03-06,47
1,Ozone,2016-03-07,37
1,Ozone,2016-03-08,27
1,Ozone,2016-03-09,63
1,Ozone,2016-03-10,40
1,Ozone,2016-03-11,16
1,Ozone,2016-03-12,16
1,Ozone,2016-03-13,40
1,Ozone,2016-03-14,53
1,Ozone,2016-03-15,43
1,Ozone,2016-03-16,48
1,Ozone,2016-03-17,44
1,Ozone,2016-03-18,19
1,Ozone,2016-03-19,60
1,Ozone,2016-03-20,53
1,Ozone,2016-03-21,36
1,Ozone,2016-03-22,37
1,Ozone,2016-03-23,36
1,Ozone,2016-03-24,48
1,Ozone,2016-03-25,59
1,Ozone,2016-03-26,66
1,Ozone,2016-03-27,66
1,Ozone,2016-03-28,67
1,Ozone,2016-03-29,64
1,Ozone,2016-03-30,48
1,Ozone,2016-03-31,35
1,Ozone,2016-04-01,44
1,Ozone,2016-04-02,69
1,Ozone,2016-04-03,56
1,Ozone,2016-04-04,51
1,Ozone,2016-04-05,53
1,Ozone,2016-04-06,71
1,Ozone,2016-04-07,53
1,Ozone,2016-04-08,52
1,Ozone,2016-04-09,60
1,Ozone,2016-04-10,70
1,Ozone,2016-04-11,28
1,Ozone,2016-04-12,34
1,Ozone,2016-04-13,35
1,Ozone,2016-04-14,60
1,Ozone,2016-04-15,56
1,Ozone,2016-04-16,56
1,Ozone,2016-04-17,59
1,Ozone,2016-04-18,54
1,Ozone,2016-04-19,58
1,Ozone,2016-04-20,55
1,Ozone,2016-04-21,48
1,Ozone,2016-04-22,50
1,Ozone,2016-04-23,63
1,Ozone,2016-04-24,70
1,Ozone,2016-04-25,69
1,Ozone,2016-04-26,69
1,Ozone,2016-04-27,55
1,Ozone,2016-04-28,52
1,Ozone,2016-04-29,60
1,Ozone,2016-04-30,57
1,Ozone,2016-05-01,40
1,Ozone,2016-05-02,54
1,Ozone,2016-05-03,58
1,Ozone,2016-05-04,54
1,Ozone,2016-05-05,73
1,Ozone,2016-05-06,62
1,Ozone,2016-05-07,71
1,Ozone,2016-05-08,87
1,Ozone,2016-05-09,64
1,Ozone,2016-05-10,27
1,Ozone,2016-05-11,26
1,Ozone,2016-05-12,76
1,Ozone,2016-05-13,77
1,Ozone,2016-05-14,75
1,Ozone,2016-05-15,60
1,Ozone,2016-05-16,70
1,Ozone,2016-05-17,63
1,Ozone,2016-05-18,66
1,Ozone,2016-05-19,48
1,Ozone,2016-05-20,63
1,Ozone,2016-05-21,54
1,Ozone,2016-05-22,50
1,Ozone,2016-05-23,44
1,Ozone,2016-05-24,57
1,Ozone,2016-05-25,53
1,Ozone,2016-05-26,57
1,Ozone,2016-05-27,57
1,Ozone,2016-05-28,79
1,Ozone,2016-05-29,79
1,Ozone,2016-05-30,64
1,Ozone,2016-05-31,77
1,Ozone,2016-06-01,64
1,Ozone,2016-06-02,67
1,Ozone,2016-06-03,61
1,Ozone,2016-06-04,41
1,Ozone,2016-06-05,77
1,Ozone,2016-06-06,67
1,Ozone,2016-06-07,62
1,Ozone,2016-06-08,62
1,Ozone,2016-06-09,55
1,Ozone,2016-06-10,67
1,Ozone,2016-06-11,64
1,Ozone,2016-06-12,51
1,Ozone,2016-06-13,47
1,Ozone,2016-06-14,45
1,Ozone,2016-06-15,35
1,Ozone,2016-06-16,47
1,Ozone,2016-06-17,42
1,Ozone,2016-06-18,53
1,Ozone,2016-06-19,29
1,Ozone,2016-06-20,31
1,Ozone,2016-06-21,43
1,Ozone,2016-06-22,38
1,Ozone,2016-06-23,36
1,Ozone,2016-06-24,46
1,Ozone,2016-06-25,42
1,Ozone,2016-06-26,35
1,Ozone,2016-06-27,45
1,Ozone,2016-06-28,39
1,Ozone,2016-06-29,42
1,Ozone,2016-06-30,39
1,Ozone,2016-07-01,52
1,Ozone,2016-07-02,44
1,Ozone,2016-07-03,39
1,Ozone,2016-07-04,28
1,Ozone,2016-07-05,52
1,Ozone,2016-07-06,50
1,Ozone,2016-07-07,38
1,Ozone,2016-07-08,41
1,Ozone,2016-07-09,24
1,Ozone,2016-07-10,43
1,Ozone,2016-07-11,54
1,Ozone,2016-07-12,42
1,Ozone,2016-07-13,36
1,Ozone,2016-07-14,44
1,Ozone,2016-07-15,39
1,Ozone,2016-07-16,44
1,Ozone,2016-07-17,33
1,Ozone,2016-07-18,27
1,Ozone,2016-07-19,70
1,Ozone,2016-07-20,57
1,Ozone,2016-07-21,36
1,Ozone,2016-07-22,31
1,Ozone,2016-07-23,39
1,Ozone,2016-07-24,39
1,Ozone,2016-07-25,34
1,Ozone,2016-07-26,35
1,Ozone,2016-07-27,36
1,Ozone,2016-07-28,30
1,Ozone,2016-07-29,36
1,Ozone,2016-07-30,39
1,Ozone,2016-07-31,43
1,Ozone,2016-08-01,0
1,Ozone,2016-08-02,0
1,Ozone,2016-08-03,45
1,Ozone,2016-08-04,52
1,Ozone,2016-08-05,36
1,Ozone,2016-08-06,28
1,Ozone,2016-08-07,53
1,Ozone,2016-08-08,49
1,Ozone,2016-08-09,51
1,Ozone,2016-08-10,41
1,Ozone,2016-08-11,42
1,Ozone,2016-08-12,46
1,Ozone,2016-08-13,42
1,Ozone,2016-08-14,31
1,Ozone,2016-08-15,55
1,Ozone,2016-08-16,67
1,Ozone,2016-08-17,72
1,Ozone,2016-08-18,79
1,Ozone,2016-08-19,57
1,Ozone,2016-08-20,66
1,Ozone,2016-08-21,55
1,Ozone,2016-08-22,38
1,Ozone,2016-08-23,56
1,Ozone,2016-08-24,43
1,Ozone,2016-08-25,26
1,Ozone,2016-08-26,34
1,Ozone,2016-08-27,27
1,Ozone,2016-08-28,46
1,Ozone,2016-08-29,54
1,Ozone,2016-08-30,39
1,Ozone,2016-08-31,41
1,Ozone,2016-09-01,38
1,Ozone,2016-09-02,38
1,Ozone,2016-09-03,30
1,Ozone,2016-09-04,51
1,Ozone,2016-09-05,29
1,Ozone,2016-09-06,18
1,Ozone,2016-09-07,0
1,Ozone,2016-09-08,0
1,Ozone,2016-09-09,43
1,Ozone,2016-09-10,36
1,Ozone,2016-09-11,41
1,Ozone,2016-09-12,37
1,Ozone,2016-09-13,23
1,Ozone,2016-09-14,49
1,Ozone,2016-09-15,26
1,Ozone,2016-09-16,39
1,Ozone,2016-09-17,28
1,Ozone,2016-09-18,35
1,Ozone,2016-09-19,30
1,Ozone,2016-09-20,23
1,Ozone,2016-09-21,34
1,Ozone,2016-09-22,44
1,Ozone,2016-09-23,43
1,Ozone,2016-09-24,59
1,Ozone,2016-09-25,61
1,Ozone,2016-09-26,43
1,Ozone,2016-09-27,42
1,Ozone,2016-09-28,38
1,Ozone,2016-09-29,46
1,Ozone,2016-09-30,40
1,Ozone,2016-10-01,44
1,Ozone,2016-10-02,31
1,Ozone,2016-10-03,31
1,Ozone,2016-10-04,34
1,Ozone,2016-10-05,39
1,Ozone,2016-10-06,37
1,Ozone,2016-10-07,22
1,Ozone,2016-10-08,35
1,Ozone,2016-10-09,42
1,Ozone,2016-10-10,25
1,Ozone,2016-10-11,24
1,Ozone,2016-10-12,31
1,Ozone,2016-10-13,19
1,Ozone,2016-10-14,9
1,Ozone,2016-10-15,35
1,Ozone,2016-10-16,62
1,Ozone,2016-10-17,56
1,Ozone,2016-10-18,48
1,Ozone,2016-10-19,27
1,Ozone,2016-10-20,18
1,Ozone,2016-10-21,8
1,Ozone,2016-10-22,15
1,Ozone,2016-10-23,39
1,Ozone,2016-10-24,16
1,Ozone,2016-10-25,8
1,Ozone,2016-10-26,17
1,Ozone,2016-10-27,39
1,Ozone,2016-10-28,45
1,Ozone,2016-10-29,22
1,Ozone,2016-10-30,25
1,Ozone,2016-10-31,0
1,Ozone,2016-11-01,0
1,Ozone,2016-11-02,0
1,Ozone,2016-11-03,10
1,Ozone,2016-11-04,16
1,Ozone,2016-11-05,23
1,Ozone,2016-11-06,31
1,Ozone,2016-11-07,28
1,Ozone,2016-11-08,24
1,Ozone,2016-11-09,41
1,Ozone,2016-11-10,33
1,Ozone,2016-11-11,25
1,Ozone,2016-11-12,36
1,Ozone,2016-11-13,25
1,Ozone,2016-11-14,45
1,Ozone,2016-11-15,40
1,Ozone,2016-11-16,43
1,Ozone,2016-11-17,49
1,Ozone,2016-11-18,21
1,Ozone,2016-11-19,21
1,Ozone,2016-11-20,39
1,Ozone,2016-11-21,26
1,Ozone,2016-11-22,18
1,Ozone,2016-11-23,26
1,Ozone,2016-11-24,51
1,Ozone,2016-11-25,47
1,Ozone,2016-11-26,36
1,Ozone,2016-11-27,34
1,Ozone,2016-11-28,34
1,Ozone,2016-11-29,15
1,Ozone,2016-11-30,3
1,Ozone,2016-12-01,2
1,Ozone,2016-12-02,1
1,Ozone,2016-12-03,25
1,Ozone,2016-12-04,29
1,Ozone,2016-12-05,6
1,Ozone,2016-12-06,6
1,Ozone,2016-12-07,21
1,Ozone,2016-12-08,29
1,Ozone,2016-12-09,23
1,Ozone,2016-12-10,28
1,Ozone,2016-12-11,16
1,Ozone,2016-12-12,17
1,Ozone,2016-12-13,24
1,Ozone,2016-12-14,27
1,Ozone,2016-12-15,28
1,Ozone,2016-12-16,18
1,Ozone,2016-12-17,2
1,Ozone,2016-12-18,5
1,Ozone,2016-12-19,2
1,Ozone,2016-12-20,11
1,Ozone,2016-12-21,32
1,Ozone,2016-12-22,13
1,Ozone,2016-12-23,53
1,Ozone,2016-12-24,70
1,Ozone,2016-12-25,72
1,Ozone,2016-12-26,47
1,Ozone,2016-12-27,5
1,Ozone,2016-12-28,8
1,Ozone,2016-12-29,2
1,Ozone,2016-12-30,2
1,Ozone,2016-12-31,21
2,Nitric Oxide,2016-01-01,8
2,Nitric Oxide,2016-01-02,3
2,Nitric Oxide,2016-01-03,2
2,Nitric Oxide,2016-01-04,4
2,Nitric Oxide,2016-01-05,12
2,Nitric Oxide,2016-01-06,15
2,Nitric Oxide,2016-01-07,6
2,Nitric Oxide,2016-01-08,5
2,Nitric Oxide,2016-01-09,2
2,Nitric Oxide,2016-01-10,2
2,Nitric Oxide,2016-01-11,24
2,Nitric Oxide,2016-01-12,3
2,Nitric Oxide,2016-01-13,7
2,Nitric Oxide,2016-01-14,6
2,Nitric Oxide,2016-01-15,5
2,Nitric Oxide,2016-01-16,47
2,Nitric Oxide,2016-01-17,34
2,Nitric Oxide,2016-01-18,4
2,Nitric Oxide,2016-01-19,41
2,Nitric Oxide,2016-01-20,56
2,Nitric Oxide,2016-01-21,13
2,Nitric Oxide,2016-01-22,4
2,Nitric Oxide,2016-01-23,4
2,Nitric Oxide,2016-01-24,3
2,Nitric Oxide,2016-01-25,4
2,Nitric Oxide,2016-01-26,2
2,Nitric Oxide,2016-01-27,3
2,Nitric Oxide,2016-01-28,13
2,Nitric Oxide,2016-01-29,4
2,Nitric Oxide,2016-01-30,3
2,Nitric Oxide,2016-01-31,1
2,Nitric Oxide,2016-02-01,2
2,Nitric Oxide,2016-02-02,3
2,Nitric Oxide,2016-02-03,0
2,Nitric Oxide,2016-02-04,0
2,Nitric Oxide,2016-02-05,2
2,Nitric Oxide,2016-02-06,1
2,Nitric Oxide,2016-02-07,2
2,Nitric Oxide,2016-02-08,2
2,Nitric Oxide,2016-02-09,9
2,Nitric Oxide,2016-02-10,10
2,Nitric Oxide,2016-02-11,29
2,Nitric Oxide,2016-02-12,6
2,Nitric Oxide,2016-02-13,4
2,Nitric Oxide,2016-02-14,2
2,Nitric Oxide,2016-02-15,11
2,Nitric Oxide,2016-02-16,25
2,Nitric Oxide,2016-02-17,3
2,Nitric Oxide,2016-02-18,20
2,Nitric Oxide,2016-02-19,10
2,Nitric Oxide,2016-02-20,1
2,Nitric Oxide,2016-02-21,1
2,Nitric Oxide,2016-02-22,4
2,Nitric Oxide,2016-02-23,11
2,Nitric Oxide,2016-02-24,9
2,Nitric Oxide,2016-02-25,16
2,Nitric Oxide,2016-02-26,14
2,Nitric Oxide,2016-02-27,3
2,Nitric Oxide,2016-02-28,2
2,Nitric Oxide,2016-02-29,8
2,Nitric Oxide,2016-03-01,2
2,Nitric Oxide,2016-03-02,2
2,Nitric Oxide,2016-03-03,2
2,Nitric Oxide,2016-03-04,5
2,Nitric Oxide,2016-03-05,2
2,Nitric Oxide,2016-03-06,2
2,Nitric Oxide,2016-03-07,8
2,Nitric Oxide,2016-03-08,16
2,Nitric Oxide,2016-03-09,3
2,Nitric Oxide,2016-03-10,11
2,Nitric Oxide,2016-03-11,45
2,Nitric Oxide,2016-03-12,23
2,Nitric Oxide,2016-03-13,3
2,Nitric Oxide,2016-03-14,3
2,Nitric Oxide,2016-03-15,5
2,Nitric Oxide,2016-03-16,3
2,Nitric Oxide,2016-03-17,4
2,Nitric Oxide,2016-03-18,17
2,Nitric Oxide,2016-03-19,2
2,Nitric Oxide,2016-03-20,3
2,Nitric Oxide,2016-03-21,9
2,Nitric Oxide,2016-03-22,6
2,Nitric Oxide,2016-03-23,9
2,Nitric Oxide,2016-03-24,5
2,Nitric Oxide,2016-03-25,2
2,Nitric Oxide,2016-03-26,1
2,Nitric Oxide,2016-03-27,1
2,Nitric Oxide,2016-03-28,1
2,Nitric Oxide,2016-03-29,2
2,Nitric Oxide,2016-03-30,4
2,Nitric Oxide,2016-03-31,8
2,Nitric Oxide,2016-04-01,6
2,Nitric Oxide,2016-04-02,1
2,Nitric Oxide,2016-04-03,1
2,Nitric Oxide,2016-04-04,3
2,Nitric Oxide,2016-04-05,5
2,Nitric Oxide,2016-04-06,2
2,Nitric Oxide,2016-04-07,2
2,Nitric Oxide,2016-04-08,3
2,Nitric Oxide,2016-04-09,4
2,Nitric Oxide,2016-04-10,1
2,Nitric Oxide,2016-04-11,11
2,Nitric Oxide,2016-04-12,11
2,Nitric Oxide,2016-04-13,16
2,Nitric Oxide,2016-04-14,3
2,Nitric Oxide,2016-04-15,3
2,Nitric Oxide,2016-04-16,2
2,Nitric Oxide,2016-04-17,2
2,Nitric Oxide,2016-04-18,10
2,Nitric Oxide,2016-04-19,3
2,Nitric Oxide,2016-04-20,4
2,Nitric Oxide,2016-04-21,4
2,Nitric Oxide,2016-04-22,3
2,Nitric Oxide,2016-04-23,2
2,Nitric Oxide,2016-04-24,1
2,Nitric Oxide,2016-04-25,2
2,Nitric Oxide,2016-04-26,3
2,Nitric Oxide,2016-04-27,4
2,Nitric Oxide,2016-04-28,7
2,Nitric Oxide,2016-04-29,3
2,Nitric Oxide,2016-04-30,1
2,Nitric Oxide,2016-05-01,6
2,Nitric Oxide,2016-05-02,2
2,Nitric Oxide,2016-05-03,3
2,Nitric Oxide,2016-05-04,13
2,Nitric Oxide,2016-05-05,5
2,Nitric Oxide,2016-05-06,4
2,Nitric Oxide,2016-05-07,2
2,Nitric Oxide,2016-05-08,1
2,Nitric Oxide,2016-05-09,2
2,Nitric Oxide,2016-05-10,6
2,Nitric Oxide,2016-05-11,5
2,Nitric Oxide,2016-05-12,2
2,Nitric Oxide,2016-05-13,2
2,Nitric Oxide,2016-05-14,1
2,Nitric Oxide,2016-05-15,2
2,Nitric Oxide,2016-05-16,3
2,Nitric Oxide,2016-05-17,3
2,Nitric Oxide,2016-05-18,2
2,Nitric Oxide,2016-05-19,3
2,Nitric Oxide,2016-05-20,2
2,Nitric Oxide,2016-05-21,2
2,Nitric Oxide,2016-05-22,3
2,Nitric Oxide,2016-05-23,4
2,Nitric Oxide,2016-05-24,2
2,Nitric Oxide,2016-05-25,3
2,Nitric Oxide,2016-05-26,3
2,Nitric Oxide,2016-05-27,4
2,Nitric Oxide,2016-05-28,2
2,Nitric Oxide,2016-05-29,1
2,Nitric Oxide,2016-05-30,2
2,Nitric Oxide,2016-05-31,1
2,Nitric Oxide,2016-06-01,1
2,Nitric Oxide,2016-06-02,2
2,Nitric Oxide,2016-06-03,3
2,Nitric Oxide,2016-06-04,4
2,Nitric Oxide,2016-06-05,1
2,Nitric Oxide,2016-06-06,3
2,Nitric Oxide,2016-06-07,2
2,Nitric Oxide,2016-06-08,3
2,Nitric Oxide,2016-06-09,3
2,Nitric Oxide,2016-06-10,2
2,Nitric Oxide,2016-06-11,2
2,Nitric Oxide,2016-06-12,1
2,Nitric Oxide,2016-06-13,3
2,Nitric Oxide,2016-06-14,3
2,Nitric Oxide,2016-06-15,5
2,Nitric Oxide,2016-06-16,3
2,Nitric Oxide,2016-06-17,4
2,Nitric Oxide,2016-06-18,2
2,Nitric Oxide,2016-06-19,4
2,Nitric Oxide,2016-06-20,4
2,Nitric Oxide,2016-06-21,3
2,Nitric Oxide,2016-06-22,4
2,Nitric Oxide,2016-06-23,4
2,Nitric Oxide,2016-06-24,3
2,Nitric Oxide,2016-06-25,3
2,Nitric Oxide,2016-06-26,2
2,Nitric Oxide,2016-06-27,3
2,Nitric Oxide,2016-06-28,4
2,Nitric Oxide,2016-06-29,3
2,Nitric Oxide,2016-06-30,6
2,Nitric Oxide,2016-07-01,2
2,Nitric Oxide,2016-07-02,3
2,Nitric Oxide,2016-07-03,3
2,Nitric Oxide,2016-07-04,4
2,Nitric Oxide,2016-07-05,2
2,Nitric Oxide,2016-07-06,3
2,Nitric Oxide,2016-07-07,3
2,Nitric Oxide,2016-07-08,2
2,Nitric Oxide,2016-07-09,4
2,Nitric Oxide,2016-07-10,1
2,Nitric Oxide,2016-07-11,2
2,Nitric Oxide,2016-07-12,3
2,Nitric Oxide,2016-07-13,3
2,Nitric Oxide,2016-07-14,3
2,Nitric Oxide,2016-07-15,3
2,Nitric Oxide,2016-07-16,2
2,Nitric Oxide,2016-07-17,2
2,Nitric Oxide,2016-07-18,9
2,Nitric Oxide,2016-07-19,2
2,Nitric Oxide,2016-07-20,2
2,Nitric Oxide,2016-07-21,3
2,Nitric Oxide,2016-07-22,7
2,Nitric Oxide,2016-07-23,2
2,Nitric Oxide,2016-07-24,1
2,Nitric Oxide,2016-07-25,3
2,Nitric Oxide,2016-07-26,3
2,Nitric Oxide,2016-07-27,4
2,Nitric Oxide,2016-07-28,5
2,Nitric Oxide,2016-07-29,3
2,Nitric Oxide,2016-07-30,3
2,Nitric Oxide,2016-07-31,2
2,Nitric Oxide,2016-08-01,0
2,Nitric Oxide,2016-08-02,0
2,Nitric Oxide,2016-08-03,1
2,Nitric Oxide,2016-08-04,2
2,Nitric Oxide,2016-08-05,4
2,Nitric Oxide,2016-08-06,6
2,Nitric Oxide,2016-08-07,3
2,Nitric Oxide,2016-08-08,3
2,Nitric Oxide,2016-08-09,3
2,Nitric Oxide,2016-08-10,3
2,Nitric Oxide,2016-08-11,3
2,Nitric Oxide,2016-08-12,3
2,Nitric Oxide,2016-08-13,3
2,Nitric Oxide,2016-08-14,4
2,Nitric Oxide,2016-08-15,4
2,Nitric Oxide,2016-08-16,3
2,Nitric Oxide,2016-08-17,2
2,Nitric Oxide,2016-08-18,2
2,Nitric Oxide,2016-08-19,2
2,Nitric Oxide,2016-08-20,1
2,Nitric Oxide,2016-08-21,1
2,Nitric Oxide,2016-08-22,2
2,Nitric Oxide,2016-08-23,3
2,Nitric Oxide,2016-08-24,4
2,Nitric Oxide,2016-08-25,12
2,Nitric Oxide,2016-08-26,6
2,Nitric Oxide,2016-08-27,5
2,Nitric Oxide,2016-08-28,2
2,Nitric Oxide,2016-08-29,2
2,Nitric Oxide,2016-08-30,5
2,Nitric Oxide,2016-08-31,3
2,Nitric Oxide,2016-09-01,6
2,Nitric Oxide,2016-09-02,3
2,Nitric Oxide,2016-09-03,6
2,Nitric Oxide,2016-09-04,2
2,Nitric Oxide,2016-09-05,8
2,Nitric Oxide,2016-09-06,7
2,Nitric Oxide,2016-09-07,0
2,Nitric Oxide,2016-09-08,0
2,Nitric Oxide,2016-09-09,4
2,Nitric Oxide,2016-09-10,4
2,Nitric Oxide,2016-09-11,8
2,Nitric Oxide,2016-09-12,3
2,Nitric Oxide,2016-09-13,10
2,Nitric Oxide,2016-09-14,3
2,Nitric Oxide,2016-09-15,12
2,Nitric Oxide,2016-09-16,3
2,Nitric Oxide,2016-09-17,5
2,Nitric Oxide,2016-09-18,4
2,Nitric Oxide,2016-09-19,4
2,Nitric Oxide,2016-09-20,8
2,Nitric Oxide,2016-09-21,10
2,Nitric Oxide,2016-09-22,5
2,Nitric Oxide,2016-09-23,12
2,Nitric Oxide,2016-09-24,2
2,Nitric Oxide,2016-09-25,1
2,Nitric Oxide,2016-09-26,4
2,Nitric Oxide,2016-09-27,4
2,Nitric Oxide,2016-09-28,3
2,Nitric Oxide,2016-09-29,3
2,Nitric Oxide,2016-09-30,5
2,Nitric Oxide,2016-10-01,2
2,Nitric Oxide,2016-10-02,11
2,Nitric Oxide,2016-10-03,10
2,Nitric Oxide,2016-10-04,5
2,Nitric Oxide,2016-10-05,3
2,Nitric Oxide,2016-10-06,5
2,Nitric Oxide,2016-10-07,6
2,Nitric Oxide,2016-10-08,4
2,Nitric Oxide,2016-10-09,3
2,Nitric Oxide,2016-10-10,13
2,Nitric Oxide,2016-10-11,7
2,Nitric Oxide,2016-10-12,4
2,Nitric Oxide,2016-10-13,7
2,Nitric Oxide,2016-10-14,12
2,Nitric Oxide,2016-10-15,4
2,Nitric Oxide,2016-10-16,1
2,Nitric Oxide,2016-10-17,2
2,Nitric Oxide,2016-10-18,3
2,Nitric Oxide,2016-10-19,7
2,Nitric Oxide,2016-10-20,17
2,Nitric Oxide,2016-10-21,37
2,Nitric Oxide,2016-10-22,21
2,Nitric Oxide,2016-10-23,2
2,Nitric Oxide,2016-10-24,8
2,Nitric Oxide,2016-10-25,26
2,Nitric Oxide,2016-10-26,9
2,Nitric Oxide,2016-10-27,11
2,Nitric Oxide,2016-10-28,3
2,Nitric Oxide,2016-10-29,5
2,Nitric Oxide,2016-10-30,4
2,Nitric Oxide,2016-10-31,46
2,Nitric Oxide,2016-11-01,16
2,Nitric Oxide,2016-11-02,33
2,Nitric Oxide,2016-11-03,37
2,Nitric Oxide,2016-11-04,18
2,Nitric Oxide,2016-11-05,11
2,Nitric Oxide,2016-11-06,5
2,Nitric Oxide,2016-11-07,8
2,Nitric Oxide,2016-11-08,18
2,Nitric Oxide,2016-11-09,4
2,Nitric Oxide,2016-11-10,5
2,Nitric Oxide,2016-11-11,23
2,Nitric Oxide,2016-11-12,5
2,Nitric Oxide,2016-11-13,7
2,Nitric Oxide,2016-11-14,4
2,Nitric Oxide,2016-11-15,4
2,Nitric Oxide,2016-11-16,4
2,Nitric Oxide,2016-11-17,7
2,Nitric Oxide,2016-11-18,31
2,Nitric Oxide,2016-11-19,28
2,Nitric Oxide,2016-11-20,2
2,Nitric Oxide,2016-11-21,7
2,Nitric Oxide,2016-11-22,0
2,Nitric Oxide,2016-11-23,0
2,Nitric Oxide,2016-11-24,0
2,Nitric Oxide,2016-11-25,4
2,Nitric Oxide,2016-11-26,3
2,Nitric Oxide,2016-11-27,2
2,Nitric Oxide,2016-11-28,8
2,Nitric Oxide,2016-11-29,15
2,Nitric Oxide,2016-11-30,106
2,Nitric Oxide,2016-12-01,64
2,Nitric Oxide,2016-12-02,94
2,Nitric Oxide,2016-12-03,5
2,Nitric Oxide,2016-12-04,4
2,Nitric Oxide,2016-12-05,16
2,Nitric Oxide,2016-12-06,52
2,Nitric Oxide,2016-12-07,8
2,Nitric Oxide,2016-12-08,7
2,Nitric Oxide,2016-12-09,14
2,Nitric Oxide,2016-12-10,5
2,Nitric Oxide,2016-12-11,18
2,Nitric Oxide,2016-12-12,15
2,Nitric Oxide,2016-12-13,12
2,Nitric Oxide,2016-12-14,7
2,Nitric Oxide,2016-12-15,4
2,Nitric Oxide,2016-12-16,22
2,Nitric Oxide,2016-12-17,56
2,Nitric Oxide,2016-12-18,18
2,Nitric Oxide,2016-12-19,34
2,Nitric Oxide,2016-12-20,9
2,Nitric Oxide,2016-12-21,17
2,Nitric Oxide,2016-12-22,48
2,Nitric Oxide,2016-12-23,2
2,Nitric Oxide,2016-12-24,1
2,Nitric Oxide,2016-12-25,1
2,Nitric Oxide,2016-12-26,7
2,Nitric Oxide,2016-12-27,20
2,Nitric Oxide,2016-12-28,16
2,Nitric Oxide,2016-12-29,68
2,Nitric Oxide,2016-12-30,36
2,Nitric Oxide,2016-12-31,7
3,Nitrogen Dioxide,2016-01-01,22
3,Nitrogen Dioxide,2016-01-02,19
3,Nitrogen Dioxide,2016-01-03,18
3,Nitrogen Dioxide,2016-01-04,28
3,Nitrogen Dioxide,2016-01-05,44
3,Nitrogen Dioxide,2016-01-06,32
3,Nitrogen Dioxide,2016-01-07,27
3,Nitrogen Dioxide,2016-01-08,35
3,Nitrogen Dioxide,2016-01-09,20
3,Nitrogen Dioxide,2016-01-10,21
3,Nitrogen Dioxide,2016-01-11,42
3,Nitrogen Dioxide,2016-01-12,19
3,Nitrogen Dioxide,2016-01-13,31
3,Nitrogen Dioxide,2016-01-14,35
3,Nitrogen Dioxide,2016-01-15,29
3,Nitrogen Dioxide,2016-01-16,52
3,Nitrogen Dioxide,2016-01-17,39
3,Nitrogen Dioxide,2016-01-18,24
3,Nitrogen Dioxide,2016-01-19,54
3,Nitrogen Dioxide,2016-01-20,58
3,Nitrogen Dioxide,2016-01-21,36
3,Nitrogen Dioxide,2016-01-22,19
3,Nitrogen Dioxide,2016-01-23,26
3,Nitrogen Dioxide,2016-01-24,21
3,Nitrogen Dioxide,2016-01-25,20
3,Nitrogen Dioxide,2016-01-26,15
3,Nitrogen Dioxide,2016-01-27,19
3,Nitrogen Dioxide,2016-01-28,32
3,Nitrogen Dioxide,2016-01-29,18
3,Nitrogen Dioxide,2016-01-30,22
3,Nitrogen Dioxide,2016-01-31,11
3,Nitrogen Dioxide,2016-02-01,8
3,Nitrogen Dioxide,2016-02-02,18
3,Nitrogen Dioxide,2016-02-03,0
3,Nitrogen Dioxide,2016-02-04,0
3,Nitrogen Dioxide,2016-02-05,24
3,Nitrogen Dioxide,2016-02-06,19
3,Nitrogen Dioxide,2016-02-07,16
3,Nitrogen Dioxide,2016-02-08,9
3,Nitrogen Dioxide,2016-02-09,30
3,Nitrogen Dioxide,2016-02-10,38
3,Nitrogen Dioxide,2016-02-11,49
3,Nitrogen Dioxide,2016-02-12,34
3,Nitrogen Dioxide,2016-02-13,31
3,Nitrogen Dioxide,2016-02-14,23
3,Nitrogen Dioxide,2016-02-15,40
3,Nitrogen Dioxide,2016-02-16,39
3,Nitrogen Dioxide,2016-02-17,30
3,Nitrogen Dioxide,2016-02-18,44
3,Nitrogen Dioxide,2016-02-19,37
3,Nitrogen Dioxide,2016-02-20,10
3,Nitrogen Dioxide,2016-02-21,6
3,Nitrogen Dioxide,2016-02-22,25
3,Nitrogen Dioxide,2016-02-23,40
3,Nitrogen Dioxide,2016-02-24,40
3,Nitrogen Dioxide,2016-02-25,46
3,Nitrogen Dioxide,2016-02-26,43
3,Nitrogen Dioxide,2016-02-27,28
3,Nitrogen Dioxide,2016-02-28,25
3,Nitrogen Dioxide,2016-02-29,38
3,Nitrogen Dioxide,2016-03-01,17
3,Nitrogen Dioxide,2016-03-02,13
3,Nitrogen Dioxide,2016-03-03,19
3,Nitrogen Dioxide,2016-03-04,30
3,Nitrogen Dioxide,2016-03-05,21
3,Nitrogen Dioxide,2016-03-06,23
3,Nitrogen Dioxide,2016-03-07,35
3,Nitrogen Dioxide,2016-03-08,40
3,Nitrogen Dioxide,2016-03-09,15
3,Nitrogen Dioxide,2016-03-10,34
3,Nitrogen Dioxide,2016-03-11,54
3,Nitrogen Dioxide,2016-03-12,50
3,Nitrogen Dioxide,2016-03-13,33
3,Nitrogen Dioxide,2016-03-14,25
3,Nitrogen Dioxide,2016-03-15,30
3,Nitrogen Dioxide,2016-03-16,20
3,Nitrogen Dioxide,2016-03-17,29
3,Nitrogen Dioxide,2016-03-18,40
3,Nitrogen Dioxide,2016-03-19,22
3,Nitrogen Dioxide,2016-03-20,28
3,Nitrogen Dioxide,2016-03-21,37
3,Nitrogen Dioxide,2016-03-22,38
3,Nitrogen Dioxide,2016-03-23,39
3,Nitrogen Dioxide,2016-03-24,31
3,Nitrogen Dioxide,2016-03-25,21
3,Nitrogen Dioxide,2016-03-26,14
3,Nitrogen Dioxide,2016-03-27,13
3,Nitrogen Dioxide,2016-03-28,12
3,Nitrogen Dioxide,2016-03-29,23
3,Nitrogen Dioxide,2016-03-30,30
3,Nitrogen Dioxide,2016-03-31,31
3,Nitrogen Dioxide,2016-04-01,27
3,Nitrogen Dioxide,2016-04-02,16
3,Nitrogen Dioxide,2016-04-03,19
3,Nitrogen Dioxide,2016-04-04,25
3,Nitrogen Dioxide,2016-04-05,25
3,Nitrogen Dioxide,2016-04-06,15
3,Nitrogen Dioxide,2016-04-07,16
3,Nitrogen Dioxide,2016-04-08,24
3,Nitrogen Dioxide,2016-04-09,23
3,Nitrogen Dioxide,2016-04-10,17
3,Nitrogen Dioxide,2016-04-11,39
3,Nitrogen Dioxide,2016-04-12,40
3,Nitrogen Dioxide,2016-04-13,46
3,Nitrogen Dioxide,2016-04-14,21
3,Nitrogen Dioxide,2016-04-15,20
3,Nitrogen Dioxide,2016-04-16,16
3,Nitrogen Dioxide,2016-04-17,18
3,Nitrogen Dioxide,2016-04-18,28
3,Nitrogen Dioxide,2016-04-19,23
3,Nitrogen Dioxide,2016-04-20,22
3,Nitrogen Dioxide,2016-04-21,26
3,Nitrogen Dioxide,2016-04-22,24
3,Nitrogen Dioxide,2016-04-23,15
3,Nitrogen Dioxide,2016-04-24,12
3,Nitrogen Dioxide,2016-04-25,12
3,Nitrogen Dioxide,2016-04-26,16
3,Nitrogen Dioxide,2016-04-27,22
3,Nitrogen Dioxide,2016-04-28,22
3,Nitrogen Dioxide,2016-04-29,18
3,Nitrogen Dioxide,2016-04-30,10
3,Nitrogen Dioxide,2016-05-01,23
3,Nitrogen Dioxide,2016-05-02,13
3,Nitrogen Dioxide,2016-05-03,17
3,Nitrogen Dioxide,2016-05-04,24
3,Nitrogen Dioxide,2016-05-05,28
3,Nitrogen Dioxide,2016-05-06,38
3,Nitrogen Dioxide,2016-05-07,24
3,Nitrogen Dioxide,2016-05-08,14
3,Nitrogen Dioxide,2016-05-09,29
3,Nitrogen Dioxide,2016-05-10,35
3,Nitrogen Dioxide,2016-05-11,32
3,Nitrogen Dioxide,2016-05-12,19
3,Nitrogen Dioxide,2016-05-13,15
3,Nitrogen Dioxide,2016-05-14,16
3,Nitrogen Dioxide,2016-05-15,19
3,Nitrogen Dioxide,2016-05-16,17
3,Nitrogen Dioxide,2016-05-17,20
3,Nitrogen Dioxide,2016-05-18,17
3,Nitrogen Dioxide,2016-05-19,19
3,Nitrogen Dioxide,2016-05-20,15
3,Nitrogen Dioxide,2016-05-21,19
3,Nitrogen Dioxide,2016-05-22,19
3,Nitrogen Dioxide,2016-05-23,21
3,Nitrogen Dioxide,2016-05-24,15
3,Nitrogen Dioxide,2016-05-25,21
3,Nitrogen Dioxide,2016-05-26,19
3,Nitrogen Dioxide,2016-05-27,25
3,Nitrogen Dioxide,2016-05-28,18
3,Nitrogen Dioxide,2016-05-29,15
3,Nitrogen Dioxide,2016-05-30,20
3,Nitrogen Dioxide,2016-05-31,14
3,Nitrogen Dioxide,2016-06-01,15
3,Nitrogen Dioxide,2016-06-02,16
3,Nitrogen Dioxide,2016-06-03,21
3,Nitrogen Dioxide,2016-06-04,32
3,Nitrogen Dioxide,2016-06-05,14
3,Nitrogen Dioxide,2016-06-06,22
3,Nitrogen Dioxide,2016-06-07,20
3,Nitrogen Dioxide,2016-06-08,24
3,Nitrogen Dioxide,2016-06-09,23
3,Nitrogen Dioxide,2016-06-10,22
3,Nitrogen Dioxide,2016-06-11,20
3,Nitrogen Dioxide,2016-06-12,9
3,Nitrogen Dioxide,2016-06-13,14
3,Nitrogen Dioxide,2016-06-14,13
3,Nitrogen Dioxide,2016-06-15,26
3,Nitrogen Dioxide,2016-06-16,23
3,Nitrogen Dioxide,2016-06-17,24
3,Nitrogen Dioxide,2016-06-18,17
3,Nitrogen Dioxide,2016-06-19,18
3,Nitrogen Dioxide,2016-06-20,13
3,Nitrogen Dioxide,2016-06-21,15
3,Nitrogen Dioxide,2016-06-22,19
3,Nitrogen Dioxide,2016-06-23,16
3,Nitrogen Dioxide,2016-06-24,13
3,Nitrogen Dioxide,2016-06-25,14
3,Nitrogen Dioxide,2016-06-26,12
3,Nitrogen Dioxide,2016-06-27,11
3,Nitrogen Dioxide,2016-06-28,17
3,Nitrogen Dioxide,2016-06-29,19
3,Nitrogen Dioxide,2016-06-30,24
3,Nitrogen Dioxide,2016-07-01,12
3,Nitrogen Dioxide,2016-07-02,14
3,Nitrogen Dioxide,2016-07-03,13
3,Nitrogen Dioxide,2016-07-04,13
3,Nitrogen Dioxide,2016-07-05,10
3,Nitrogen Dioxide,2016-07-06,17
3,Nitrogen Dioxide,2016-07-07,15
3,Nitrogen Dioxide,2016-07-08,10
3,Nitrogen Dioxide,2016-07-09,14
3,Nitrogen Dioxide,2016-07-10,6
3,Nitrogen Dioxide,2016-07-11,8
3,Nitrogen Dioxide,2016-07-12,13
3,Nitrogen Dioxide,2016-07-13,17
3,Nitrogen Dioxide,2016-07-14,15
3,Nitrogen Dioxide,2016-07-15,14
3,Nitrogen Dioxide,2016-07-16,11
3,Nitrogen Dioxide,2016-07-17,9
3,Nitrogen Dioxide,2016-07-18,16
3,Nitrogen Dioxide,2016-07-19,22
3,Nitrogen Dioxide,2016-07-20,15
3,Nitrogen Dioxide,2016-07-21,13
3,Nitrogen Dioxide,2016-07-22,20
3,Nitrogen Dioxide,2016-07-23,12
3,Nitrogen Dioxide,2016-07-24,8
3,Nitrogen Dioxide,2016-07-25,9
3,Nitrogen Dioxide,2016-07-26,13
3,Nitrogen Dioxide,2016-07-27,10
3,Nitrogen Dioxide,2016-07-28,15
3,Nitrogen Dioxide,2016-07-29,11
3,Nitrogen Dioxide,2016-07-30,14
3,Nitrogen Dioxide,2016-07-31,11
3,Nitrogen Dioxide,2016-08-01,0
3,Nitrogen Dioxide,2016-08-02,0
3,Nitrogen Dioxide,2016-08-03,6
3,Nitrogen Dioxide,2016-08-04,12
3,Nitrogen Dioxide,2016-08-05,17
3,Nitrogen Dioxide,2016-08-06,15
3,Nitrogen Dioxide,2016-08-07,7
3,Nitrogen Dioxide,2016-08-08,13
3,Nitrogen Dioxide,2016-08-09,12
3,Nitrogen Dioxide,2016-08-10,15
3,Nitrogen Dioxide,2016-08-11,15
3,Nitrogen Dioxide,2016-08-12,11
3,Nitrogen Dioxide,2016-08-13,12
3,Nitrogen Dioxide,2016-08-14,19
3,Nitrogen Dioxide,2016-08-15,20
3,Nitrogen Dioxide,2016-08-16,22
3,Nitrogen Dioxide,2016-08-17,23
3,Nitrogen Dioxide,2016-08-18,21
3,Nitrogen Dioxide,2016-08-19,12
3,Nitrogen Dioxide,2016-08-20,5
3,Nitrogen Dioxide,2016-08-21,7
3,Nitrogen Dioxide,2016-08-22,12
3,Nitrogen Dioxide,2016-08-23,19
3,Nitrogen Dioxide,2016-08-24,19
3,Nitrogen Dioxide,2016-08-25,26
3,Nitrogen Dioxide,2016-08-26,19
3,Nitrogen Dioxide,2016-08-27,25
3,Nitrogen Dioxide,2016-08-28,12
3,Nitrogen Dioxide,2016-08-29,13
3,Nitrogen Dioxide,2016-08-30,21
3,Nitrogen Dioxide,2016-08-31,16
3,Nitrogen Dioxide,2016-09-01,18
3,Nitrogen Dioxide,2016-09-02,17
3,Nitrogen Dioxide,2016-09-03,22
3,Nitrogen Dioxide,2016-09-04,10
3,Nitrogen Dioxide,2016-09-05,20
3,Nitrogen Dioxide,2016-09-06,18
3,Nitrogen Dioxide,2016-09-07,0
3,Nitrogen Dioxide,2016-09-08,0
3,Nitrogen Dioxide,2016-09-09,14
3,Nitrogen Dioxide,2016-09-10,17
3,Nitrogen Dioxide,2016-09-11,16
3,Nitrogen Dioxide,2016-09-12,16
3,Nitrogen Dioxide,2016-09-13,30
3,Nitrogen Dioxide,2016-09-14,22
3,Nitrogen Dioxide,2016-09-15,25
3,Nitrogen Dioxide,2016-09-16,12
3,Nitrogen Dioxide,2016-09-17,18
3,Nitrogen Dioxide,2016-09-18,15
3,Nitrogen Dioxide,2016-09-19,17
3,Nitrogen Dioxide,2016-09-20,25
3,Nitrogen Dioxide,2016-09-21,22
3,Nitrogen Dioxide,2016-09-22,22
3,Nitrogen Dioxide,2016-09-23,25
3,Nitrogen Dioxide,2016-09-24,12
3,Nitrogen Dioxide,2016-09-25,8
3,Nitrogen Dioxide,2016-09-26,20
3,Nitrogen Dioxide,2016-09-27,16
3,Nitrogen Dioxide,2016-09-28,14
3,Nitrogen Dioxide,2016-09-29,15
3,Nitrogen Dioxide,2016-09-30,21
3,Nitrogen Dioxide,2016-10-01,16
3,Nitrogen Dioxide,2016-10-02,23
3,Nitrogen Dioxide,2016-10-03,23
3,Nitrogen Dioxide,2016-10-04,24
3,Nitrogen Dioxide,2016-10-05,15
3,Nitrogen Dioxide,2016-10-06,21
3,Nitrogen Dioxide,2016-10-07,25
3,Nitrogen Dioxide,2016-10-08,20
3,Nitrogen Dioxide,2016-10-09,18
3,Nitrogen Dioxide,2016-10-10,28
3,Nitrogen Dioxide,2016-10-11,25
3,Nitrogen Dioxide,2016-10-12,19
3,Nitrogen Dioxide,2016-10-13,21
3,Nitrogen Dioxide,2016-10-14,29
3,Nitrogen Dioxide,2016-10-15,26
3,Nitrogen Dioxide,2016-10-16,12
3,Nitrogen Dioxide,2016-10-17,17
3,Nitrogen Dioxide,2016-10-18,20
3,Nitrogen Dioxide,2016-10-19,30
3,Nitrogen Dioxide,2016-10-20,37
3,Nitrogen Dioxide,2016-10-21,41
3,Nitrogen Dioxide,2016-10-22,33
3,Nitrogen Dioxide,2016-10-23,15
3,Nitrogen Dioxide,2016-10-24,29
3,Nitrogen Dioxide,2016-10-25,32
3,Nitrogen Dioxide,2016-10-26,34
3,Nitrogen Dioxide,2016-10-27,25
3,Nitrogen Dioxide,2016-10-28,25
3,Nitrogen Dioxide,2016-10-29,28
3,Nitrogen Dioxide,2016-10-30,23
3,Nitrogen Dioxide,2016-10-31,35
3,Nitrogen Dioxide,2016-11-01,30
3,Nitrogen Dioxide,2016-11-02,40
3,Nitrogen Dioxide,2016-11-03,44
3,Nitrogen Dioxide,2016-11-04,48
3,Nitrogen Dioxide,2016-11-05,40
3,Nitrogen Dioxide,2016-11-06,25
3,Nitrogen Dioxide,2016-11-07,29
3,Nitrogen Dioxide,2016-11-08,35
3,Nitrogen Dioxide,2016-11-09,25
3,Nitrogen Dioxide,2016-11-10,32
3,Nitrogen Dioxide,2016-11-11,32
3,Nitrogen Dioxide,2016-11-12,26
3,Nitrogen Dioxide,2016-11-13,31
3,Nitrogen Dioxide,2016-11-14,22
3,Nitrogen Dioxide,2016-11-15,18
3,Nitrogen Dioxide,2016-11-16,26
3,Nitrogen Dioxide,2016-11-17,28
3,Nitrogen Dioxide,2016-11-18,59
3,Nitrogen Dioxide,2016-11-19,51
3,Nitrogen Dioxide,2016-11-20,22
3,Nitrogen Dioxide,2016-11-21,35
3,Nitrogen Dioxide,2016-11-22,0
3,Nitrogen Dioxide,2016-11-23,0
3,Nitrogen Dioxide,2016-11-24,0
3,Nitrogen Dioxide,2016-11-25,18
3,Nitrogen Dioxide,2016-11-26,22
3,Nitrogen Dioxide,2016-11-27,24
3,Nitrogen Dioxide,2016-11-28,32
3,Nitrogen Dioxide,2016-11-29,36
3,Nitrogen Dioxide,2016-11-30,68
3,Nitrogen Dioxide,2016-12-01,49
3,Nitrogen Dioxide,2016-12-02,49
3,Nitrogen Dioxide,2016-12-03,29
3,Nitrogen Dioxide,2016-12-04,25
3,Nitrogen Dioxide,2016-12-05,31
3,Nitrogen Dioxide,2016-12-06,37
3,Nitrogen Dioxide,2016-12-07,26
3,Nitrogen Dioxide,2016-12-08,25
3,Nitrogen Dioxide,2016-12-09,27
3,Nitrogen Dioxide,2016-12-10,34
3,Nitrogen Dioxide,2016-12-11,33
3,Nitrogen Dioxide,2016-12-12,33
3,Nitrogen Dioxide,2016-12-13,32
3,Nitrogen Dioxide,2016-12-14,23
3,Nitrogen Dioxide,2016-12-15,22
3,Nitrogen Dioxide,2016-12-16,37
3,Nitrogen Dioxide,2016-12-17,37
3,Nitrogen Dioxide,2016-12-18,31
3,Nitrogen Dioxide,2016-12-19,38
3,Nitrogen Dioxide,2016-12-20,30
3,Nitrogen Dioxide,2016-12-21,37
3,Nitrogen Dioxide,2016-12-22,47
3,Nitrogen Dioxide,2016-12-23,17
3,Nitrogen Dioxide,2016-12-24,8
3,Nitrogen Dioxide,2016-12-25,2
3,Nitrogen Dioxide,2016-12-26,16
3,Nitrogen Dioxide,2016-12-27,29
3,Nitrogen Dioxide,2016-12-28,29
3,Nitrogen Dioxide,2016-12-29,37
3,Nitrogen Dioxide,2016-12-30,27
3,Nitrogen Dioxide,2016-12-31,18
4,Sulphur Dioxide,2016-01-01,2
4,Sulphur Dioxide,2016-01-02,2
4,Sulphur Dioxide,2016-01-03,2
4,Sulphur Dioxide,2016-01-04,2
4,Sulphur Dioxide,2016-01-05,3
4,Sulphur Dioxide,2016-01-06,2
4,Sulphur Dioxide,2016-01-07,3
4,Sulphur Dioxide,2016-01-08,1
4,Sulphur Dioxide,2016-01-09,2
4,Sulphur Dioxide,2016-01-10,3
4,Sulphur Dioxide,2016-01-11,6
4,Sulphur Dioxide,2016-01-12,3
4,Sulphur Dioxide,2016-01-13,3
4,Sulphur Dioxide,2016-01-14,2
4,Sulphur Dioxide,2016-01-15,1
4,Sulphur Dioxide,2016-01-16,4
4,Sulphur Dioxide,2016-01-17,2
4,Sulphur Dioxide,2016-01-18,1
4,Sulphur Dioxide,2016-01-19,4
4,Sulphur Dioxide,2016-01-20,4
4,Sulphur Dioxide,2016-01-21,2
4,Sulphur Dioxide,2016-01-22,2
4,Sulphur Dioxide,2016-01-23,1
4,Sulphur Dioxide,2016-01-24,1
4,Sulphur Dioxide,2016-01-25,2
4,Sulphur Dioxide,2016-01-26,2
4,Sulphur Dioxide,2016-01-27,2
4,Sulphur Dioxide,2016-01-28,4
4,Sulphur Dioxide,2016-01-29,4
4,Sulphur Dioxide,2016-01-30,2
4,Sulphur Dioxide,2016-01-31,1
4,Sulphur Dioxide,2016-02-01,1
4,Sulphur Dioxide,2016-02-02,1
4,Sulphur Dioxide,2016-02-03,0
4,Sulphur Dioxide,2016-02-04,0
4,Sulphur Dioxide,2016-02-05,2
4,Sulphur Dioxide,2016-02-06,3
4,Sulphur Dioxide,2016-02-07,2
4,Sulphur Dioxide,2016-02-08,2
4,Sulphur Dioxide,2016-02-09,3
4,Sulphur Dioxide,2016-02-10,2
4,Sulphur Dioxide,2016-02-11,2
4,Sulphur Dioxide,2016-02-12,2
4,Sulphur Dioxide,2016-02-13,3
4,Sulphur Dioxide,2016-02-14,2
4,Sulphur Dioxide,2016-02-15,2
4,Sulphur Dioxide,2016-02-16,2
4,Sulphur Dioxide,2016-02-17,3
4,Sulphur Dioxide,2016-02-18,3
4,Sulphur Dioxide,2016-02-19,2
4,Sulphur Dioxide,2016-02-20,1
4,Sulphur Dioxide,2016-02-21,1
4,Sulphur Dioxide,2016-02-22,2
4,Sulphur Dioxide,2016-02-23,1
4,Sulphur Dioxide,2016-02-24,2
4,Sulphur Dioxide,2016-02-25,2
4,Sulphur Dioxide,2016-02-26,5
4,Sulphur Dioxide,2016-02-27,3
4,Sulphur Dioxide,2016-02-28,2
4,Sulphur Dioxide,2016-02-29,1
4,Sulphur Dioxide,2016-03-01,2
4,Sulphur Dioxide,2016-03-02,2
4,Sulphur Dioxide,2016-03-03,2
4,Sulphur Dioxide,2016-03-04,5
4,Sulphur Dioxide,2016-03-05,1
4,Sulphur Dioxide,2016-03-06,1
4,Sulphur Dioxide,2016-03-07,1
4,Sulphur Dioxide,2016-03-08,2
4,Sulphur Dioxide,2016-03-09,3
4,Sulphur Dioxide,2016-03-10,1
4,Sulphur Dioxide,2016-03-11,3
4,Sulphur Dioxide,2016-03-12,3
4,Sulphur Dioxide,2016-03-13,1
4,Sulphur Dioxide,2016-03-14,1
4,Sulphur Dioxide,2016-03-15,1
4,Sulphur Dioxide,2016-03-16,1
4,Sulphur Dioxide,2016-03-17,1
4,Sulphur Dioxide,2016-03-18,1
4,Sulphur Dioxide,2016-03-19,1
4,Sulphur Dioxide,2016-03-20,1
4,Sulphur Dioxide,2016-03-21,2
4,Sulphur Dioxide,2016-03-22,1
4,Sulphur Dioxide,2016-03-23,2
4,Sulphur Dioxide,2016-03-24,5
4,Sulphur Dioxide,2016-03-25,2
4,Sulphur Dioxide,2016-03-26,3
4,Sulphur Dioxide,2016-03-27,1
4,Sulphur Dioxide,2016-03-28,3
4,Sulphur Dioxide,2016-03-29,1
4,Sulphur Dioxide,2016-03-30,2
4,Sulphur Dioxide,2016-03-31,1
4,Sulphur Dioxide,2016-04-01,1
4,Sulphur Dioxide,2016-04-02,2
4,Sulphur Dioxide,2016-04-03,3
4,Sulphur Dioxide,2016-04-04,3
4,Sulphur Dioxide,2016-04-05,2
4,Sulphur Dioxide,2016-04-06,2
4,Sulphur Dioxide,2016-04-07,2
4,Sulphur Dioxide,2016-04-08,2
4,Sulphur Dioxide,2016-04-09,2
4,Sulphur Dioxide,2016-04-10,2
4,Sulphur Dioxide,2016-04-11,2
4,Sulphur Dioxide,2016-04-12,3
4,Sulphur Dioxide,2016-04-13,3
4,Sulphur Dioxide,2016-04-14,1
4,Sulphur Dioxide,2016-04-15,2
4,Sulphur Dioxide,2016-04-16,1
4,Sulphur Dioxide,2016-04-17,2
4,Sulphur Dioxide,2016-04-18,3
4,Sulphur Dioxide,2016-04-19,2
4,Sulphur Dioxide,2016-04-20,2
4,Sulphur Dioxide,2016-04-21,2
4,Sulphur Dioxide,2016-04-22,2
4,Sulphur Dioxide,2016-04-23,1
4,Sulphur Dioxide,2016-04-24,1
4,Sulphur Dioxide,2016-04-25,2
4,Sulphur Dioxide,2016-04-26,1
4,Sulphur Dioxide,2016-04-27,1
4,Sulphur Dioxide,2016-04-28,2
4,Sulphur Dioxide,2016-04-29,2
4,Sulphur Dioxide,2016-04-30,1
4,Sulphur Dioxide,2016-05-01,1
4,Sulphur Dioxide,2016-05-02,2
4,Sulphur Dioxide,2016-05-03,2
4,Sulphur Dioxide,2016-05-04,2
4,Sulphur Dioxide,2016-05-05,2
4,Sulphur Dioxide,2016-05-06,2
4,Sulphur Dioxide,2016-05-07,2
4,Sulphur Dioxide,2016-05-08,2
4,Sulphur Dioxide,2016-05-09,2
4,Sulphur Dioxide,2016-05-10,1
4,Sulphur Dioxide,2016-05-11,2
4,Sulphur Dioxide,2016-05-12,2
4,Sulphur Dioxide,2016-05-13,2
4,Sulphur Dioxide,2016-05-14,1
4,Sulphur Dioxide,2016-05-15,1
4,Sulphur Dioxide,2016-05-16,2
4,Sulphur Dioxide,2016-05-17,1
4,Sulphur Dioxide,2016-05-18,2
4,Sulphur Dioxide,2016-05-19,2
4,Sulphur Dioxide,2016-05-20,1
4,Sulphur Dioxide,2016-05-21,2
4,Sulphur Dioxide,2016-05-22,2
4,Sulphur Dioxide,2016-05-23,1
4,Sulphur Dioxide,2016-05-24,2
4,Sulphur Dioxide,2016-05-25,1
4,Sulphur Dioxide,2016-05-26,1
4,Sulphur Dioxide,2016-05-27,1
4,Sulphur Dioxide,2016-05-28,2
4,Sulphur Dioxide,2016-05-29,2
4,Sulphur Dioxide,2016-05-30,2
4,Sulphur Dioxide,2016-05-31,1
4,Sulphur Dioxide,2016-06-01,1
4,Sulphur Dioxide,2016-06-02,2
4,Sulphur Dioxide,2016-06-03,2
4,Sulphur Dioxide,2016-06-04,3
4,Sulphur Dioxide,2016-06-05,2
4,Sulphur Dioxide,2016-06-06,1
4,Sulphur Dioxide,2016-06-07,2
4,Sulphur Dioxide,2016-06-08,2
4,Sulphur Dioxide,2016-06-09,1
4,Sulphur Dioxide,2016-06-10,1
4,Sulphur Dioxide,2016-06-11,1
4,Sulphur Dioxide,2016-06-12,1
4,Sulphur Dioxide,2016-06-13,2
4,Sulphur Dioxide,2016-06-14,1
4,Sulphur Dioxide,2016-06-15,4
4,Sulphur Dioxide,2016-06-16,3
4,Sulphur Dioxide,2016-06-17,1
4,Sulphur Dioxide,2016-06-18,1
4,Sulphur Dioxide,2016-06-19,2
4,Sulphur Dioxide,2016-06-20,3
4,Sulphur Dioxide,2016-06-21,2
4,Sulphur Dioxide,2016-06-22,3
4,Sulphur Dioxide,2016-06-23,3
4,Sulphur Dioxide,2016-06-24,3
4,Sulphur Dioxide,2016-06-25,1
4,Sulphur Dioxide,2016-06-26,2
4,Sulphur Dioxide,2016-06-27,2
4,Sulphur Dioxide,2016-06-28,2
4,Sulphur Dioxide,2016-06-29,2
4,Sulphur Dioxide,2016-06-30,1
4,Sulphur Dioxide,2016-07-01,1
4,Sulphur Dioxide,2016-07-02,1
4,Sulphur Dioxide,2016-07-03,1
4,Sulphur Dioxide,2016-07-04,1
4,Sulphur Dioxide,2016-07-05,1
4,Sulphur Dioxide,2016-07-06,1
4,Sulphur Dioxide,2016-07-07,1
4,Sulphur Dioxide,2016-07-08,1
4,Sulphur Dioxide,2016-07-09,1
4,Sulphur Dioxide,2016-07-10,1
4,Sulphur Dioxide,2016-07-11,1
4,Sulphur Dioxide,2016-07-12,1
4,Sulphur Dioxide,2016-07-13,1
4,Sulphur Dioxide,2016-07-14,1
4,Sulphur Dioxide,2016-07-15,1
4,Sulphur Dioxide,2016-07-16,0
4,Sulphur Dioxide,2016-07-17,1
4,Sulphur Dioxide,2016-07-18,1
4,Sulphur Dioxide,2016-07-19,1
4,Sulphur Dioxide,2016-07-20,1
4,Sulphur Dioxide,2016-07-21,1
4,Sulphur Dioxide,2016-07-22,1
4,Sulphur Dioxide,2016-07-23,1
4,Sulphur Dioxide,2016-07-24,1
4,Sulphur Dioxide,2016-07-25,1
4,Sulphur Dioxide,2016-07-26,1
4,Sulphur Dioxide,2016-07-27,1
4,Sulphur Dioxide,2016-07-28,1
4,Sulphur Dioxide,2016-07-29,1
4,Sulphur Dioxide,2016-07-30,1
4,Sulphur Dioxide,2016-07-31,2
4,Sulphur Dioxide,2016-08-01,0
4,Sulphur Dioxide,2016-08-02,0
4,Sulphur Dioxide,2016-08-03,1
4,Sulphur Dioxide,2016-08-04,1
4,Sulphur Dioxide,2016-08-05,2
4,Sulphur Dioxide,2016-08-06,1
4,Sulphur Dioxide,2016-08-07,1
4,Sulphur Dioxide,2016-08-08,2
4,Sulphur Dioxide,2016-08-09,1
4,Sulphur Dioxide,2016-08-10,2
4,Sulphur Dioxide,2016-08-11,2
4,Sulphur Dioxide,2016-08-12,1
4,Sulphur Dioxide,2016-08-13,1
4,Sulphur Dioxide,2016-08-14,1
4,Sulphur Dioxide,2016-08-15,2
4,Sulphur Dioxide,2016-08-16,3
4,Sulphur Dioxide,2016-08-17,2
4,Sulphur Dioxide,2016-08-18,1
4,Sulphur Dioxide,2016-08-19,2
4,Sulphur Dioxide,2016-08-20,2
4,Sulphur Dioxide,2016-08-21,1
4,Sulphur Dioxide,2016-08-22,1
4,Sulphur Dioxide,2016-08-23,1
4,Sulphur Dioxide,2016-08-24,1
4,Sulphur Dioxide,2016-08-25,1
4,Sulphur Dioxide,2016-08-26,2
4,Sulphur Dioxide,2016-08-27,1
4,Sulphur Dioxide,2016-08-28,1
4,Sulphur Dioxide,2016-08-29,1
4,Sulphur Dioxide,2016-08-30,2
4,Sulphur Dioxide,2016-08-31,1
4,Sulphur Dioxide,2016-09-01,1
4,Sulphur Dioxide,2016-09-02,1
4,Sulphur Dioxide,2016-09-03,1
4,Sulphur Dioxide,2016-09-04,1
4,Sulphur Dioxide,2016-09-05,2
4,Sulphur Dioxide,2016-09-06,2
4,Sulphur Dioxide,2016-09-07,0
4,Sulphur Dioxide,2016-09-08,0
4,Sulphur Dioxide,2016-09-09,2
4,Sulphur Dioxide,2016-09-10,1
4,Sulphur Dioxide,2016-09-11,1
4,Sulphur Dioxide,2016-09-12,1
4,Sulphur Dioxide,2016-09-13,2
4,Sulphur Dioxide,2016-09-14,2
4,Sulphur Dioxide,2016-09-15,2
4,Sulphur Dioxide,2016-09-16,2
4,Sulphur Dioxide,2016-09-17,1
4,Sulphur Dioxide,2016-09-18,3
4,Sulphur Dioxide,2016-09-19,1
4,Sulphur Dioxide,2016-09-20,2
4,Sulphur Dioxide,2016-09-21,1
4,Sulphur Dioxide,2016-09-22,1
4,Sulphur Dioxide,2016-09-23,1
4,Sulphur Dioxide,2016-09-24,2
4,Sulphur Dioxide,2016-09-25,2
4,Sulphur Dioxide,2016-09-26,1
4,Sulphur Dioxide,2016-09-27,2
4,Sulphur Dioxide,2016-09-28,1
4,Sulphur Dioxide,2016-09-29,1
4,Sulphur Dioxide,2016-09-30,1
4,Sulphur Dioxide,2016-10-01,2
4,Sulphur Dioxide,2016-10-02,2
4,Sulphur Dioxide,2016-10-03,1
4,Sulphur Dioxide,2016-10-04,1
4,Sulphur Dioxide,2016-10-05,2
4,Sulphur Dioxide,2016-10-06,2
4,Sulphur Dioxide,2016-10-07,2
4,Sulphur Dioxide,2016-10-08,1
4,Sulphur Dioxide,2016-10-09,1
4,Sulphur Dioxide,2016-10-10,2
4,Sulphur Dioxide,2016-10-11,1
4,Sulphur Dioxide,2016-10-12,1
4,Sulphur Dioxide,2016-10-13,3
4,Sulphur Dioxide,2016-10-14,2
4,Sulphur Dioxide,2016-10-15,3
4,Sulphur Dioxide,2016-10-16,2
4,Sulphur Dioxide,2016-10-17,3
4,Sulphur Dioxide,2016-10-18,2
4,Sulphur Dioxide,2016-10-19,1
4,Sulphur Dioxide,2016-10-20,2
4,Sulphur Dioxide,2016-10-21,3
4,Sulphur Dioxide,2016-10-22,1
4,Sulphur Dioxide,2016-10-23,1
4,Sulphur Dioxide,2016-10-24,2
4,Sulphur Dioxide,2016-10-25,2
4,Sulphur Dioxide,2016-10-26,1
4,Sulphur Dioxide,2016-10-27,1
4,Sulphur Dioxide,2016-10-28,1
4,Sulphur Dioxide,2016-10-29,1
4,Sulphur Dioxide,2016-10-30,2
4,Sulphur Dioxide,2016-10-31,4
4,Sulphur Dioxide,2016-11-01,2
4,Sulphur Dioxide,2016-11-02,3
4,Sulphur Dioxide,2016-11-03,2
4,Sulphur Dioxide,2016-11-04,2
4,Sulphur Dioxide,2016-11-05,2
4,Sulphur Dioxide,2016-11-06,2
4,Sulphur Dioxide,2016-11-07,1
4,Sulphur Dioxide,2016-11-08,3
4,Sulphur Dioxide,2016-11-09,2
4,Sulphur Dioxide,2016-11-10,4
4,Sulphur Dioxide,2016-11-11,2
4,Sulphur Dioxide,2016-11-12,2
4,Sulphur Dioxide,2016-11-13,1
4,Sulphur Dioxide,2016-11-14,1
4,Sulphur Dioxide,2016-11-15,2
4,Sulphur Dioxide,2016-11-16,2
4,Sulphur Dioxide,2016-11-17,3
4,Sulphur Dioxide,2016-11-18,2
4,Sulphur Dioxide,2016-11-19,3
4,Sulphur Dioxide,2016-11-20,2
4,Sulphur Dioxide,2016-11-21,3
4,Sulphur Dioxide,2016-11-22,4
4,Sulphur Dioxide,2016-11-23,2
4,Sulphur Dioxide,2016-11-24,1
4,Sulphur Dioxide,2016-11-25,1
4,Sulphur Dioxide,2016-11-26,1
4,Sulphur Dioxide,2016-11-27,1
4,Sulphur Dioxide,2016-11-28,2
4,Sulphur Dioxide,2016-11-29,3
4,Sulphur Dioxide,2016-11-30,6
4,Sulphur Dioxide,2016-12-01,3
4,Sulphur Dioxide,2016-12-02,4
4,Sulphur Dioxide,2016-12-03,1
4,Sulphur Dioxide,2016-12-04,2
4,Sulphur Dioxide,2016-12-05,2
4,Sulphur Dioxide,2016-12-06,3
4,Sulphur Dioxide,2016-12-07,1
4,Sulphur Dioxide,2016-12-08,1
4,Sulphur Dioxide,2016-12-09,2
4,Sulphur Dioxide,2016-12-10,2
4,Sulphur Dioxide,2016-12-11,2
4,Sulphur Dioxide,2016-12-12,2
4,Sulphur Dioxide,2016-12-13,2
4,Sulphur Dioxide,2016-12-14,1
4,Sulphur Dioxide,2016-12-15,2
4,Sulphur Dioxide,2016-12-16,2
4,Sulphur Dioxide,2016-12-17,4
4,Sulphur Dioxide,2016-12-18,2
4,Sulphur Dioxide,2016-12-19,3
4,Sulphur Dioxide,2016-12-20,2
4,Sulphur Dioxide,2016-12-21,2
4,Sulphur Dioxide,2016-12-22,4
4,Sulphur Dioxide,2016-12-23,3
4,Sulphur Dioxide,2016-12-24,1
4,Sulphur Dioxide,2016-12-25,2
4,Sulphur Dioxide,2016-12-26,3
4,Sulphur Dioxide,2016-12-27,2
4,Sulphur Dioxide,2016-12-28,3
4,Sulphur Dioxide,2016-12-29,6
4,Sulphur Dioxide,2016-12-30,2
4,Sulphur Dioxide,2016-12-31,2
5,Carbon Monoxide,2016-01-01,0.11
5,Carbon Monoxide,2016-01-02,0.11
5,Carbon Monoxide,2016-01-03,0.09
5,Carbon Monoxide,2016-01-04,0.1
5,Carbon Monoxide,2016-01-05,0.16
5,Carbon Monoxide,2016-01-06,0.18
5,Carbon Monoxide,2016-01-07,0.14
5,Carbon Monoxide,2016-01-08,0.14
5,Carbon Monoxide,2016-01-09,0.1
5,Carbon Monoxide,2016-01-10,0.1
5,Carbon Monoxide,2016-01-11,0.26
5,Carbon Monoxide,2016-01-12,0.1
5,Carbon Monoxide,2016-01-13,0.18
5,Carbon Monoxide,2016-01-14,0.14
5,Carbon Monoxide,2016-01-15,0.1
5,Carbon Monoxide,2016-01-16,0.39
5,Carbon Monoxide,2016-01-17,0.36
5,Carbon Monoxide,2016-01-18,0.13
5,Carbon Monoxide,2016-01-19,0.31
5,Carbon Monoxide,2016-01-20,0.37
5,Carbon Monoxide,2016-01-21,0.21
5,Carbon Monoxide,2016-01-22,0.14
5,Carbon Monoxide,2016-01-23,0.13
5,Carbon Monoxide,2016-01-24,0.11
5,Carbon Monoxide,2016-01-25,0.1
5,Carbon Monoxide,2016-01-26,0.07
5,Carbon Monoxide,2016-01-27,0.09
5,Carbon Monoxide,2016-01-28,0.11
5,Carbon Monoxide,2016-01-29,0.07
5,Carbon Monoxide,2016-01-30,0.08
5,Carbon Monoxide,2016-01-31,0.07
5,Carbon Monoxide,2016-02-01,0.06
5,Carbon Monoxide,2016-02-02,0.08
5,Carbon Monoxide,2016-02-03,0
5,Carbon Monoxide,2016-02-04,0
5,Carbon Monoxide,2016-02-05,0.07
5,Carbon Monoxide,2016-02-06,0
5,Carbon Monoxide,2016-02-07,0.09
5,Carbon Monoxide,2016-02-08,0.06
5,Carbon Monoxide,2016-02-09,0.13
5,Carbon Monoxide,2016-02-10,0.17
5,Carbon Monoxide,2016-02-11,0.26
5,Carbon Monoxide,2016-02-12,0.13
5,Carbon Monoxide,2016-02-13,0.18
5,Carbon Monoxide,2016-02-14,0.12
5,Carbon Monoxide,2016-02-15,0.16
5,Carbon Monoxide,2016-02-16,0.22
5,Carbon Monoxide,2016-02-17,0.14
5,Carbon Monoxide,2016-02-18,0.19
5,Carbon Monoxide,2016-02-19,0.15
5,Carbon Monoxide,2016-02-20,0.07
5,Carbon Monoxide,2016-02-21,0.06
5,Carbon Monoxide,2016-02-22,0.11
5,Carbon Monoxide,2016-02-23,0.17
5,Carbon Monoxide,2016-02-24,0.16
5,Carbon Monoxide,2016-02-25,0.2
5,Carbon Monoxide,2016-02-26,0.14
5,Carbon Monoxide,2016-02-27,0.12
5,Carbon Monoxide,2016-02-28,0.11
5,Carbon Monoxide,2016-02-29,0.13
5,Carbon Monoxide,2016-03-01,0.07
5,Carbon Monoxide,2016-03-02,0.07
5,Carbon Monoxide,2016-03-03,0.08
5,Carbon Monoxide,2016-03-04,0.14
5,Carbon Monoxide,2016-03-05,0.09
5,Carbon Monoxide,2016-03-06,0.1
5,Carbon Monoxide,2016-03-07,0.12
5,Carbon Monoxide,2016-03-08,0.18
5,Carbon Monoxide,2016-03-09,0.06
5,Carbon Monoxide,2016-03-10,0.16
5,Carbon Monoxide,2016-03-11,0.3
5,Carbon Monoxide,2016-03-12,0.24
5,Carbon Monoxide,2016-03-13,0.18
5,Carbon Monoxide,2016-03-14,0.08
5,Carbon Monoxide,2016-03-15,0.1
5,Carbon Monoxide,2016-03-16,0.05
5,Carbon Monoxide,2016-03-17,0.12
5,Carbon Monoxide,2016-03-18,0.18
5,Carbon Monoxide,2016-03-19,0.07
5,Carbon Monoxide,2016-03-20,0.13
5,Carbon Monoxide,2016-03-21,0.14
5,Carbon Monoxide,2016-03-22,0.11
5,Carbon Monoxide,2016-03-23,0.15
5,Carbon Monoxide,2016-03-24,0.09
5,Carbon Monoxide,2016-03-25,0.09
5,Carbon Monoxide,2016-03-26,0.06
5,Carbon Monoxide,2016-03-27,0.05
5,Carbon Monoxide,2016-03-28,0.06
5,Carbon Monoxide,2016-03-29,0.07
5,Carbon Monoxide,2016-03-30,0.1
5,Carbon Monoxide,2016-03-31,0.14
5,Carbon Monoxide,2016-04-01,0.13
5,Carbon Monoxide,2016-04-02,0.1
5,Carbon Monoxide,2016-04-03,0.13
5,Carbon Monoxide,2016-04-04,0.12
5,Carbon Monoxide,2016-04-05,0.11
5,Carbon Monoxide,2016-04-06,0.06
5,Carbon Monoxide,2016-04-07,0.09
5,Carbon Monoxide,2016-04-08,0.11
5,Carbon Monoxide,2016-04-09,0.08
5,Carbon Monoxide,2016-04-10,0.09
5,Carbon Monoxide,2016-04-11,0.21
5,Carbon Monoxide,2016-04-12,0.22
5,Carbon Monoxide,2016-04-13,0.17
5,Carbon Monoxide,2016-04-14,0.1
5,Carbon Monoxide,2016-04-15,0.1
5,Carbon Monoxide,2016-04-16,0.07
5,Carbon Monoxide,2016-04-17,0.09
5,Carbon Monoxide,2016-04-18,0.15
5,Carbon Monoxide,2016-04-19,0.12
5,Carbon Monoxide,2016-04-20,0.1
5,Carbon Monoxide,2016-04-21,0.14
5,Carbon Monoxide,2016-04-22,0.12
5,Carbon Monoxide,2016-04-23,0.08
5,Carbon Monoxide,2016-04-24,0.07
5,Carbon Monoxide,2016-04-25,0.07
5,Carbon Monoxide,2016-04-26,0.1
5,Carbon Monoxide,2016-04-27,0.09
5,Carbon Monoxide,2016-04-28,0.1
5,Carbon Monoxide,2016-04-29,0.09
5,Carbon Monoxide,2016-04-30,0.1
5,Carbon Monoxide,2016-05-01,0.14
5,Carbon Monoxide,2016-05-02,0.08
5,Carbon Monoxide,2016-05-03,0.12
5,Carbon Monoxide,2016-05-04,0.13
5,Carbon Monoxide,2016-05-05,0.09
5,Carbon Monoxide,2016-05-06,0.16
5,Carbon Monoxide,2016-05-07,0.15
5,Carbon Monoxide,2016-05-08,0.1
5,Carbon Monoxide,2016-05-09,0.16
5,Carbon Monoxide,2016-05-10,0.21
5,Carbon Monoxide,2016-05-11,0.2
5,Carbon Monoxide,2016-05-12,0.13
5,Carbon Monoxide,2016-05-13,0.08
5,Carbon Monoxide,2016-05-14,0.05
5,Carbon Monoxide,2016-05-15,0.1
5,Carbon Monoxide,2016-05-16,0.08
5,Carbon Monoxide,2016-05-17,0.1
5,Carbon Monoxide,2016-05-18,0.06
5,Carbon Monoxide,2016-05-19,0.08
5,Carbon Monoxide,2016-05-20,0.08
5,Carbon Monoxide,2016-05-21,0.11
5,Carbon Monoxide,2016-05-22,0.08
5,Carbon Monoxide,2016-05-23,0.07
5,Carbon Monoxide,2016-05-24,0.07
5,Carbon Monoxide,2016-05-25,0.1
5,Carbon Monoxide,2016-05-26,0.11
5,Carbon Monoxide,2016-05-27,0.13
5,Carbon Monoxide,2016-05-28,0.11
5,Carbon Monoxide,2016-05-29,0.09
5,Carbon Monoxide,2016-05-30,0.09
5,Carbon Monoxide,2016-05-31,0.05
5,Carbon Monoxide,2016-06-01,0.09
5,Carbon Monoxide,2016-06-02,0.05
5,Carbon Monoxide,2016-06-03,0.08
5,Carbon Monoxide,2016-06-04,0.17
5,Carbon Monoxide,2016-06-05,0.11
5,Carbon Monoxide,2016-06-06,0.1
5,Carbon Monoxide,2016-06-07,0.18
5,Carbon Monoxide,2016-06-08,0.13
5,Carbon Monoxide,2016-06-09,0.11
5,Carbon Monoxide,2016-06-10,0.1
5,Carbon Monoxide,2016-06-11,0.09
5,Carbon Monoxide,2016-06-12,0.03
5,Carbon Monoxide,2016-06-13,0.07
5,Carbon Monoxide,2016-06-14,0.03
5,Carbon Monoxide,2016-06-15,0.09
5,Carbon Monoxide,2016-06-16,0.05
5,Carbon Monoxide,2016-06-17,0.09
5,Carbon Monoxide,2016-06-18,0.07
5,Carbon Monoxide,2016-06-19,0.07
5,Carbon Monoxide,2016-06-20,0.06
5,Carbon Monoxide,2016-06-21,0.04
5,Carbon Monoxide,2016-06-22,0.12
5,Carbon Monoxide,2016-06-23,0.06
5,Carbon Monoxide,2016-06-24,0.08
5,Carbon Monoxide,2016-06-25,0.08
5,Carbon Monoxide,2016-06-26,0.13
5,Carbon Monoxide,2016-06-27,0.08
5,Carbon Monoxide,2016-06-28,0.12
5,Carbon Monoxide,2016-06-29,0.1
5,Carbon Monoxide,2016-06-30,0.08
5,Carbon Monoxide,2016-07-01,0.06
5,Carbon Monoxide,2016-07-02,0.05
5,Carbon Monoxide,2016-07-03,0.06
5,Carbon Monoxide,2016-07-04,0.07
5,Carbon Monoxide,2016-07-05,0.05
5,Carbon Monoxide,2016-07-06,0.05
5,Carbon Monoxide,2016-07-07,0.05
5,Carbon Monoxide,2016-07-08,0.08
5,Carbon Monoxide,2016-07-09,0.06
5,Carbon Monoxide,2016-07-10,0.05
5,Carbon Monoxide,2016-07-11,0.06
5,Carbon Monoxide,2016-07-12,0.06
5,Carbon Monoxide,2016-07-13,0.06
5,Carbon Monoxide,2016-07-14,0.06
5,Carbon Monoxide,2016-07-15,0.08
5,Carbon Monoxide,2016-07-16,0.05
5,Carbon Monoxide,2016-07-17,0.08
5,Carbon Monoxide,2016-07-18,0.18
5,Carbon Monoxide,2016-07-19,0.07
5,Carbon Monoxide,2016-07-20,0.07
5,Carbon Monoxide,2016-07-21,0.07
5,Carbon Monoxide,2016-07-22,0.07
5,Carbon Monoxide,2016-07-23,0.14
5,Carbon Monoxide,2016-07-24,0.06
5,Carbon Monoxide,2016-07-25,0.06
5,Carbon Monoxide,2016-07-26,0.07
5,Carbon Monoxide,2016-07-27,0.09
5,Carbon Monoxide,2016-07-28,0.08
5,Carbon Monoxide,2016-07-29,0.07
5,Carbon Monoxide,2016-07-30,0.05
5,Carbon Monoxide,2016-07-31,0.08
5,Carbon Monoxide,2016-08-01,0
5,Carbon Monoxide,2016-08-02,0
5,Carbon Monoxide,2016-08-03,0.07
5,Carbon Monoxide,2016-08-04,0.06
5,Carbon Monoxide,2016-08-05,0.09
5,Carbon Monoxide,2016-08-06,0.06
5,Carbon Monoxide,2016-08-07,0.05
5,Carbon Monoxide,2016-08-08,0.08
5,Carbon Monoxide,2016-08-09,0.06
5,Carbon Monoxide,2016-08-10,0.1
5,Carbon Monoxide,2016-08-11,0.1
5,Carbon Monoxide,2016-08-12,0.05
5,Carbon Monoxide,2016-08-13,0.07
5,Carbon Monoxide,2016-08-14,0.06
5,Carbon Monoxide,2016-08-15,0.09
5,Carbon Monoxide,2016-08-16,0.07
5,Carbon Monoxide,2016-08-17,0.1
5,Carbon Monoxide,2016-08-18,0.1
5,Carbon Monoxide,2016-08-19,0.08
5,Carbon Monoxide,2016-08-20,0.05
5,Carbon Monoxide,2016-08-21,0.06
5,Carbon Monoxide,2016-08-22,0.06
5,Carbon Monoxide,2016-08-23,0.07
5,Carbon Monoxide,2016-08-24,0.08
5,Carbon Monoxide,2016-08-25,0.13
5,Carbon Monoxide,2016-08-26,0.12
5,Carbon Monoxide,2016-08-27,0.14
5,Carbon Monoxide,2016-08-28,0.07
5,Carbon Monoxide,2016-08-29,0.08
5,Carbon Monoxide,2016-08-30,0.11
5,Carbon Monoxide,2016-08-31,0.08
5,Carbon Monoxide,2016-09-01,0.06
5,Carbon Monoxide,2016-09-02,0.06
5,Carbon Monoxide,2016-09-03,0.08
5,Carbon Monoxide,2016-09-04,0.05
5,Carbon Monoxide,2016-09-05,0.09
5,Carbon Monoxide,2016-09-06,0.06
5,Carbon Monoxide,2016-09-07,0
5,Carbon Monoxide,2016-09-08,0
5,Carbon Monoxide,2016-09-09,0.07
5,Carbon Monoxide,2016-09-10,0.09
5,Carbon Monoxide,2016-09-11,0.07
5,Carbon Monoxide,2016-09-12,0.08
5,Carbon Monoxide,2016-09-13,0.08
5,Carbon Monoxide,2016-09-14,0.1
5,Carbon Monoxide,2016-09-15,0.11
5,Carbon Monoxide,2016-09-16,0.06
5,Carbon Monoxide,2016-09-17,0.09
5,Carbon Monoxide,2016-09-18,0.07
5,Carbon Monoxide,2016-09-19,0.08
5,Carbon Monoxide,2016-09-20,0.11
5,Carbon Monoxide,2016-09-21,0.13
5,Carbon Monoxide,2016-09-22,0.11
5,Carbon Monoxide,2016-09-23,0.09
5,Carbon Monoxide,2016-09-24,0.09
5,Carbon Monoxide,2016-09-25,0.06
5,Carbon Monoxide,2016-09-26,0.07
5,Carbon Monoxide,2016-09-27,0.07
5,Carbon Monoxide,2016-09-28,0.08
5,Carbon Monoxide,2016-09-29,0.06
5,Carbon Monoxide,2016-09-30,0.12
5,Carbon Monoxide,2016-10-01,0.1
5,Carbon Monoxide,2016-10-02,0.17
5,Carbon Monoxide,2016-10-03,0.09
5,Carbon Monoxide,2016-10-04,0.08
5,Carbon Monoxide,2016-10-05,0.08
5,Carbon Monoxide,2016-10-06,0.1
5,Carbon Monoxide,2016-10-07,0.13
5,Carbon Monoxide,2016-10-08,0.06
5,Carbon Monoxide,2016-10-09,0.1
5,Carbon Monoxide,2016-10-10,0.12
5,Carbon Monoxide,2016-10-11,0.12
5,Carbon Monoxide,2016-10-12,0.1
5,Carbon Monoxide,2016-10-13,0.14
5,Carbon Monoxide,2016-10-14,0.13
5,Carbon Monoxide,2016-10-15,0.14
5,Carbon Monoxide,2016-10-16,0.08
5,Carbon Monoxide,2016-10-17,0.09
5,Carbon Monoxide,2016-10-18,0.08
5,Carbon Monoxide,2016-10-19,0.15
5,Carbon Monoxide,2016-10-20,0.17
5,Carbon Monoxide,2016-10-21,0.19
5,Carbon Monoxide,2016-10-22,0.18
5,Carbon Monoxide,2016-10-23,0.07
5,Carbon Monoxide,2016-10-24,0.13
5,Carbon Monoxide,2016-10-25,0.14
5,Carbon Monoxide,2016-10-26,0.14
5,Carbon Monoxide,2016-10-27,0.14
5,Carbon Monoxide,2016-10-28,0.11
5,Carbon Monoxide,2016-10-29,0.09
5,Carbon Monoxide,2016-10-30,0.12
5,Carbon Monoxide,2016-10-31,0.22
5,Carbon Monoxide,2016-11-01,0.14
5,Carbon Monoxide,2016-11-02,0.31
5,Carbon Monoxide,2016-11-03,0.2
5,Carbon Monoxide,2016-11-04,0.16
5,Carbon Monoxide,2016-11-05,0.19
5,Carbon Monoxide,2016-11-06,0.11
5,Carbon Monoxide,2016-11-07,0.1
5,Carbon Monoxide,2016-11-08,0.11
5,Carbon Monoxide,2016-11-09,0.13
5,Carbon Monoxide,2016-11-10,0.2
5,Carbon Monoxide,2016-11-11,0.15
5,Carbon Monoxide,2016-11-12,0.1
5,Carbon Monoxide,2016-11-13,0.16
5,Carbon Monoxide,2016-11-14,0.08
5,Carbon Monoxide,2016-11-15,0.08
5,Carbon Monoxide,2016-11-16,0.13
5,Carbon Monoxide,2016-11-17,0.09
5,Carbon Monoxide,2016-11-18,0.14
5,Carbon Monoxide,2016-11-19,0.17
5,Carbon Monoxide,2016-11-20,0.12
5,Carbon Monoxide,2016-11-21,0.13
5,Carbon Monoxide,2016-11-22,0.16
5,Carbon Monoxide,2016-11-23,0.08
5,Carbon Monoxide,2016-11-24,0.09
5,Carbon Monoxide,2016-11-25,0.15
5,Carbon Monoxide,2016-11-26,0.11
5,Carbon Monoxide,2016-11-27,0.11
5,Carbon Monoxide,2016-11-28,0.14
5,Carbon Monoxide,2016-11-29,0.16
5,Carbon Monoxide,2016-11-30,0.49
5,Carbon Monoxide,2016-12-01,0.27
5,Carbon Monoxide,2016-12-02,0.34
5,Carbon Monoxide,2016-12-03,0.11
5,Carbon Monoxide,2016-12-04,0.12
5,Carbon Monoxide,2016-12-05,0.13
5,Carbon Monoxide,2016-12-06,0.35
5,Carbon Monoxide,2016-12-07,0.1
5,Carbon Monoxide,2016-12-08,0.12
5,Carbon Monoxide,2016-12-09,0.11
5,Carbon Monoxide,2016-12-10,0.11
5,Carbon Monoxide,2016-12-11,0.18
5,Carbon Monoxide,2016-12-12,0.17
5,Carbon Monoxide,2016-12-13,0.2
5,Carbon Monoxide,2016-12-14,0.15
5,Carbon Monoxide,2016-12-15,0.13
5,Carbon Monoxide,2016-12-16,0.18
5,Carbon Monoxide,2016-12-17,0.27
5,Carbon Monoxide,2016-12-18,0.18
5,Carbon Monoxide,2016-12-19,0.18
5,Carbon Monoxide,2016-12-20,0.1
5,Carbon Monoxide,2016-12-21,0.23
5,Carbon Monoxide,2016-12-22,0.28
5,Carbon Monoxide,2016-12-23,0.11
5,Carbon Monoxide,2016-12-24,0.08
5,Carbon Monoxide,2016-12-25,0.11
5,Carbon Monoxide,2016-12-26,0.21
5,Carbon Monoxide,2016-12-27,0.24
5,Carbon Monoxide,2016-12-28,0.19
5,Carbon Monoxide,2016-12-29,0.35
5,Carbon Monoxide,2016-12-30,0.34
5,Carbon Monoxide,2016-12-31,0.14
6,Max Temp,2016-01-01,10.1
6,Max Temp,2016-01-02,11.5
6,Max Temp,2016-01-03,10.6
6,Max Temp,2016-01-04,9.7
6,Max Temp,2016-01-05,10.8
6,Max Temp,2016-01-06,10.1
6,Max Temp,2016-01-07,8.8
6,Max Temp,2016-01-08,10.3
6,Max Temp,2016-01-09,9.9
6,Max Temp,2016-01-10,6.9
6,Max Temp,2016-01-11,7.4
6,Max Temp,2016-01-12,7.9
6,Max Temp,2016-01-13,7.6
6,Max Temp,2016-01-14,6.7
6,Max Temp,2016-01-15,5.5
6,Max Temp,2016-01-16,5.1
6,Max Temp,2016-01-17,6.2
6,Max Temp,2016-01-18,5.8
6,Max Temp,2016-01-19,5.6
6,Max Temp,2016-01-20,4.6
6,Max Temp,2016-01-21,7.9
6,Max Temp,2016-01-22,12.9
6,Max Temp,2016-01-23,11.6
6,Max Temp,2016-01-24,14.2
6,Max Temp,2016-01-25,14.5
6,Max Temp,2016-01-26,12
6,Max Temp,2016-01-27,13.3
6,Max Temp,2016-01-28,10.4
6,Max Temp,2016-01-29,12
6,Max Temp,2016-01-30,8.8
6,Max Temp,2016-01-31,11.6
6,Max Temp,2016-02-01,13.4
6,Max Temp,2016-02-02,9.5
6,Max Temp,2016-02-03,9.7
6,Max Temp,2016-02-04,12.3
6,Max Temp,2016-02-05,11.1
6,Max Temp,2016-02-06,10.9
6,Max Temp,2016-02-07,10.8
6,Max Temp,2016-02-08,9.3
6,Max Temp,2016-02-09,8.1
6,Max Temp,2016-02-10,10.1
6,Max Temp,2016-02-11,9.4
6,Max Temp,2016-02-12,8.3
6,Max Temp,2016-02-13,4.8
6,Max Temp,2016-02-14,7.4
6,Max Temp,2016-02-15,7
6,Max Temp,2016-02-16,8.8
6,Max Temp,2016-02-17,7.3
6,Max Temp,2016-02-18,9
6,Max Temp,2016-02-19,9.9
6,Max Temp,2016-02-20,10.7
6,Max Temp,2016-02-21,11.4
6,Max Temp,2016-02-22,9.9
6,Max Temp,2016-02-23,10.9
6,Max Temp,2016-02-24,8
6,Max Temp,2016-02-25,8.2
6,Max Temp,2016-02-26,9.1
6,Max Temp,2016-02-27,7.6
6,Max Temp,2016-02-28,7.7
6,Max Temp,2016-02-29,6.9
6,Max Temp,2016-03-01,10.4
6,Max Temp,2016-03-02,8.8
6,Max Temp,2016-03-03,9.9
6,Max Temp,2016-03-04,7.6
6,Max Temp,2016-03-05,9.5
6,Max Temp,2016-03-06,6.7
6,Max Temp,2016-03-07,9.7
6,Max Temp,2016-03-08,8.8
6,Max Temp,2016-03-09,8.6
6,Max Temp,2016-03-10,10.5
6,Max Temp,2016-03-11,11.1
6,Max Temp,2016-03-12,12.2
6,Max Temp,2016-03-13,12.5
6,Max Temp,2016-03-14,11.6
6,Max Temp,2016-03-15,12.4
6,Max Temp,2016-03-16,12.3
6,Max Temp,2016-03-17,11.8
6,Max Temp,2016-03-18,7.1
6,Max Temp,2016-03-19,8.2
6,Max Temp,2016-03-20,8.8
6,Max Temp,2016-03-21,13.9
6,Max Temp,2016-03-22,9.6
6,Max Temp,2016-03-23,12.5
6,Max Temp,2016-03-24,10.5
6,Max Temp,2016-03-25,14
6,Max Temp,2016-03-26,13.1
6,Max Temp,2016-03-27,12.4
6,Max Temp,2016-03-28,11.2
6,Max Temp,2016-03-29,10.4
6,Max Temp,2016-03-30,11.7
6,Max Temp,2016-03-31,13.5
6,Max Temp,2016-04-01,11.2
6,Max Temp,2016-04-02,13.9
6,Max Temp,2016-04-03,12.9
6,Max Temp,2016-04-04,13.1
6,Max Temp,2016-04-05,14.2
6,Max Temp,2016-04-06,11.9
6,Max Temp,2016-04-07,12.6
6,Max Temp,2016-04-08,12.6
6,Max Temp,2016-04-09,10.4
6,Max Temp,2016-04-10,13.1
6,Max Temp,2016-04-11,12.3
6,Max Temp,2016-04-12,15.7
6,Max Temp,2016-04-13,16.9
6,Max Temp,2016-04-14,16.5
6,Max Temp,2016-04-15,13.3
6,Max Temp,2016-04-16,11.4
6,Max Temp,2016-04-17,12.6
6,Max Temp,2016-04-18,12.4
6,Max Temp,2016-04-19,15.2
6,Max Temp,2016-04-20,17.2
6,Max Temp,2016-04-21,15.2
6,Max Temp,2016-04-22,10.1
6,Max Temp,2016-04-23,13.4
6,Max Temp,2016-04-24,14.9
6,Max Temp,2016-04-25,13.7
6,Max Temp,2016-04-26,11.6
6,Max Temp,2016-04-27,10.3
6,Max Temp,2016-04-28,12.2
6,Max Temp,2016-04-29,11.3
6,Max Temp,2016-04-30,13.6
6,Max Temp,2016-05-01,13.2
6,Max Temp,2016-05-02,13.9
6,Max Temp,2016-05-03,14.5
6,Max Temp,2016-05-04,16.9
6,Max Temp,2016-05-05,20.3
6,Max Temp,2016-05-06,20.8
6,Max Temp,2016-05-07,22
6,Max Temp,2016-05-08,24.8
6,Max Temp,2016-05-09,20.6
6,Max Temp,2016-05-10,16.1
6,Max Temp,2016-05-11,16.3
6,Max Temp,2016-05-12,23.3
6,Max Temp,2016-05-13,19.9
6,Max Temp,2016-05-14,15.5
6,Max Temp,2016-05-15,17.4
6,Max Temp,2016-05-16,18.2
6,Max Temp,2016-05-17,16.7
6,Max Temp,2016-05-18,16.6
6,Max Temp,2016-05-19,16.7
6,Max Temp,2016-05-20,17.7
6,Max Temp,2016-05-21,16.7
6,Max Temp,2016-05-22,16.9
6,Max Temp,2016-05-23,17
6,Max Temp,2016-05-24,18.8
6,Max Temp,2016-05-25,13.7
6,Max Temp,2016-05-26,19
6,Max Temp,2016-05-27,20.6
6,Max Temp,2016-05-28,21.5
6,Max Temp,2016-05-29,21.9
6,Max Temp,2016-05-30,21.3
6,Max Temp,2016-05-31,23.5
6,Max Temp,2016-06-01,18.7
6,Max Temp,2016-06-02,19.6
6,Max Temp,2016-06-03,20.2
6,Max Temp,2016-06-04,21.5
6,Max Temp,2016-06-05,24.3
6,Max Temp,2016-06-06,25.6
6,Max Temp,2016-06-07,22.5
6,Max Temp,2016-06-08,24.4
6,Max Temp,2016-06-09,21.5
6,Max Temp,2016-06-10,20.7
6,Max Temp,2016-06-11,20.6
6,Max Temp,2016-06-12,20
6,Max Temp,2016-06-13,18.8
6,Max Temp,2016-06-14,16.5
6,Max Temp,2016-06-15,17.9
6,Max Temp,2016-06-16,19.6
6,Max Temp,2016-06-17,19.5
6,Max Temp,2016-06-18,18.1
6,Max Temp,2016-06-19,17.1
6,Max Temp,2016-06-20,19.6
6,Max Temp,2016-06-21,20.2
6,Max Temp,2016-06-22,20.2
6,Max Temp,2016-06-23,21.6
6,Max Temp,2016-06-24,19.4
6,Max Temp,2016-06-25,20.3
6,Max Temp,2016-06-26,15.9
6,Max Temp,2016-06-27,19.1
6,Max Temp,2016-06-28,17
6,Max Temp,2016-06-29,16.2
6,Max Temp,2016-06-30,18.6
6,Max Temp,2016-07-01,17.5
6,Max Temp,2016-07-02,18.3
6,Max Temp,2016-07-03,20.9
6,Max Temp,2016-07-04,19
6,Max Temp,2016-07-05,20.6
6,Max Temp,2016-07-06,20
6,Max Temp,2016-07-07,20.7
6,Max Temp,2016-07-08,19.9
6,Max Temp,2016-07-09,24.3
6,Max Temp,2016-07-10,21.7
6,Max Temp,2016-07-11,19.5
6,Max Temp,2016-07-12,19.8
6,Max Temp,2016-07-13,18.8
6,Max Temp,2016-07-14,20.4
6,Max Temp,2016-07-15,17.7
6,Max Temp,2016-07-16,17.9
6,Max Temp,2016-07-17,21.2
6,Max Temp,2016-07-18,28.7
6,Max Temp,2016-07-19,32.4
6,Max Temp,2016-07-20,24.3
6,Max Temp,2016-07-21,21.5
6,Max Temp,2016-07-22,25.2
6,Max Temp,2016-07-23,22.9
6,Max Temp,2016-07-24,19.4
6,Max Temp,2016-07-25,21
6,Max Temp,2016-07-26,19.7
6,Max Temp,2016-07-27,22.9
6,Max Temp,2016-07-28,20.7
6,Max Temp,2016-07-29,21.4
6,Max Temp,2016-07-30,21.2
6,Max Temp,2016-07-31,21.1
6,Max Temp,2016-08-01,16.7
6,Max Temp,2016-08-02,19.3
6,Max Temp,2016-08-03,20.6
6,Max Temp,2016-08-04,20
6,Max Temp,2016-08-05,20.9
6,Max Temp,2016-08-06,23.2
6,Max Temp,2016-08-07,20.6
6,Max Temp,2016-08-08,19.4
6,Max Temp,2016-08-09,19.5
6,Max Temp,2016-08-10,20.1
6,Max Temp,2016-08-11,19.3
6,Max Temp,2016-08-12,19.8
6,Max Temp,2016-08-13,22
6,Max Temp,2016-08-14,20.5
6,Max Temp,2016-08-15,25.1
6,Max Temp,2016-08-16,25.7
6,Max Temp,2016-08-17,24.4
6,Max Temp,2016-08-18,23.8
6,Max Temp,2016-08-19,22.6
6,Max Temp,2016-08-20,18
6,Max Temp,2016-08-21,19.2
6,Max Temp,2016-08-22,21.7
6,Max Temp,2016-08-23,28
6,Max Temp,2016-08-24,23.7
6,Max Temp,2016-08-25,20.4
6,Max Temp,2016-08-26,21.5
6,Max Temp,2016-08-27,21.4
6,Max Temp,2016-08-28,22.8
6,Max Temp,2016-08-29,22.8
6,Max Temp,2016-08-30,24.4
6,Max Temp,2016-08-31,21.6
6,Max Temp,2016-09-01,20.6
6,Max Temp,2016-09-02,20.3
6,Max Temp,2016-09-03,18.5
6,Max Temp,2016-09-04,18.4
6,Max Temp,2016-09-05,19.4
6,Max Temp,2016-09-06,23.6
6,Max Temp,2016-09-07,24.3
6,Max Temp,2016-09-08,20.1
6,Max Temp,2016-09-09,22
6,Max Temp,2016-09-10,18.9
6,Max Temp,2016-09-11,20.1
6,Max Temp,2016-09-12,21.3
6,Max Temp,2016-09-13,21
6,Max Temp,2016-09-14,24.7
6,Max Temp,2016-09-15,26.1
6,Max Temp,2016-09-16,18.5
6,Max Temp,2016-09-17,21.4
6,Max Temp,2016-09-18,19.9
6,Max Temp,2016-09-19,17.6
6,Max Temp,2016-09-20,19.1
6,Max Temp,2016-09-21,19.6
6,Max Temp,2016-09-22,17.3
6,Max Temp,2016-09-23,19.5
6,Max Temp,2016-09-24,20
6,Max Temp,2016-09-25,17.7
6,Max Temp,2016-09-26,15.8
6,Max Temp,2016-09-27,19.2
6,Max Temp,2016-09-28,18.3
6,Max Temp,2016-09-29,17.7
6,Max Temp,2016-09-30,17.8
6,Max Temp,2016-10-01,14.8
6,Max Temp,2016-10-02,17.1
6,Max Temp,2016-10-03,18.5
6,Max Temp,2016-10-04,18.6
6,Max Temp,2016-10-05,18.4
6,Max Temp,2016-10-06,15.5
6,Max Temp,2016-10-07,14.7
6,Max Temp,2016-10-08,15.3
6,Max Temp,2016-10-09,15.6
6,Max Temp,2016-10-10,14.8
6,Max Temp,2016-10-11,15.2
6,Max Temp,2016-10-12,16.1
6,Max Temp,2016-10-13,13.3
6,Max Temp,2016-10-14,14.5
6,Max Temp,2016-10-15,15.2
6,Max Temp,2016-10-16,17.3
6,Max Temp,2016-10-17,16.4
6,Max Temp,2016-10-18,13.7
6,Max Temp,2016-10-19,15.8
6,Max Temp,2016-10-20,13.5
6,Max Temp,2016-10-21,14.9
6,Max Temp,2016-10-22,11
6,Max Temp,2016-10-23,13.4
6,Max Temp,2016-10-24,10.2
6,Max Temp,2016-10-25,12.6
6,Max Temp,2016-10-26,14.6
6,Max Temp,2016-10-27,15.1
6,Max Temp,2016-10-28,14.9
6,Max Temp,2016-10-29,12.9
6,Max Temp,2016-10-30,14.6
6,Max Temp,2016-10-31,15.3
6,Max Temp,2016-11-01,13.3
6,Max Temp,2016-11-02,12.5
6,Max Temp,2016-11-03,12.3
6,Max Temp,2016-11-04,11.5
6,Max Temp,2016-11-05,10.1
6,Max Temp,2016-11-06,10
6,Max Temp,2016-11-07,10.1
6,Max Temp,2016-11-08,8.4
6,Max Temp,2016-11-09,11.7
6,Max Temp,2016-11-10,12.3
6,Max Temp,2016-11-11,10.6
6,Max Temp,2016-11-12,13.3
6,Max Temp,2016-11-13,13.8
6,Max Temp,2016-11-14,13.5
6,Max Temp,2016-11-15,14
6,Max Temp,2016-11-16,13.3
6,Max Temp,2016-11-17,11.7
6,Max Temp,2016-11-18,8.9
6,Max Temp,2016-11-19,6.4
6,Max Temp,2016-11-20,8.9
6,Max Temp,2016-11-21,8.1
6,Max Temp,2016-11-22,7.2
6,Max Temp,2016-11-23,8.5
6,Max Temp,2016-11-24,9.1
6,Max Temp,2016-11-25,10
6,Max Temp,2016-11-26,8.1
6,Max Temp,2016-11-27,8.6
6,Max Temp,2016-11-28,9.5
6,Max Temp,2016-11-29,6.1
6,Max Temp,2016-11-30,7.2
6,Max Temp,2016-12-01,4.1
6,Max Temp,2016-12-02,5.5
6,Max Temp,2016-12-03,8.1
6,Max Temp,2016-12-04,7.1
6,Max Temp,2016-12-05,5.7
6,Max Temp,2016-12-06,9.8
6,Max Temp,2016-12-07,14.6
6,Max Temp,2016-12-08,13.4
6,Max Temp,2016-12-09,14
6,Max Temp,2016-12-10,10.5
6,Max Temp,2016-12-11,10.7
6,Max Temp,2016-12-12,10.1
6,Max Temp,2016-12-13,12.2
6,Max Temp,2016-12-14,11
6,Max Temp,2016-12-15,11.5
6,Max Temp,2016-12-16,12.1
6,Max Temp,2016-12-17,9.1
6,Max Temp,2016-12-18,7.3
6,Max Temp,2016-12-19,8.1
6,Max Temp,2016-12-20,7.2
6,Max Temp,2016-12-21,11.2
6,Max Temp,2016-12-22,10.5
6,Max Temp,2016-12-23,12
6,Max Temp,2016-12-24,10.9
6,Max Temp,2016-12-25,14.1
6,Max Temp,2016-12-26,8.8
6,Max Temp,2016-12-27,4.2
6,Max Temp,2016-12-28,7.3
6,Max Temp,2016-12-29,5.9
6,Max Temp,2016-12-30,6.7
6,Max Temp,2016-12-31,8.5
